Temps ;Temperatur;Consigne_T;Humidite;Consigne_H
(s);(�C);(�C);(%);(%)
0;20.76;21.0;120.0;255.0
30;20.2;20.0;120.0;255.0
60;19.89;20.0;120.0;255.0
90;20.0;20.0;120.0;255.0
120;20.05;20.0;120.0;255.0
150;20.07;20.0;120.0;255.0
180;20.07;20.0;120.0;255.0
210;20.05;20.0;120.0;255.0
240;20.03;20.0;120.0;255.0
270;20.01;20.0;120.0;255.0
300;20.01;20.0;120.0;255.0
330;20.0;20.0;120.0;255.0
360;20.0;20.0;120.0;255.0
390;19.99;20.0;120.0;255.0
420;19.98;20.0;120.0;255.0
450;19.99;20.0;120.0;255.0
480;20.0;20.0;120.0;255.0
510;20.0;20.0;120.0;255.0
540;19.99;20.0;120.0;255.0
570;19.99;20.0;120.0;255.0
600;19.99;20.0;120.0;255.0
630;19.98;20.01;120.0;255.0
660;19.92;20.11;120.0;255.0
690;20.04;20.21;120.0;255.0
720;20.11;20.31;120.0;255.0
750;20.14;20.41;120.0;255.0
780;20.35;20.51;120.0;255.0
810;20.57;20.61;120.0;255.0
840;20.66;20.71;120.0;255.0
870;20.76;20.81;120.0;255.0
900;20.83;20.91;120.0;255.0
930;20.9;21.01;120.0;255.0
960;20.94;21.11;120.0;255.0
990;20.9;21.21;120.0;255.0
1020;21.12;21.31;120.0;255.0
1050;21.33;21.41;120.0;255.0
1080;21.46;21.51;120.0;255.0
1110;21.56;21.61;120.0;255.0
1140;21.64;21.71;120.0;255.0
1170;21.68;21.81;120.0;255.0
1200;21.68;21.91;120.0;255.0
1230;21.75;22.01;120.0;255.0
1260;21.97;22.11;120.0;255.0
1290;22.14;22.21;120.0;255.0
1320;22.26;22.31;120.0;255.0
1350;22.36;22.41;120.0;255.0
1380;22.45;22.51;120.0;255.0
1410;22.53;22.61;120.0;255.0
1440;22.6;22.71;120.0;255.0
1470;22.71;22.81;120.0;255.0
1500;22.78;22.91;120.0;255.0
1530;22.87;23.01;120.0;255.0
1560;22.97;23.11;120.0;255.0
1590;23.07;23.21;120.0;255.0
1620;23.19;23.31;120.0;255.0
1650;23.26;23.41;120.0;255.0
1680;23.39;23.51;120.0;255.0
1710;23.49;23.61;120.0;255.0
1740;23.6;23.71;120.0;255.0
1770;23.7;23.81;120.0;255.0
1800;23.8;23.91;120.0;255.0
1830;23.89;24.01;120.0;255.0
1860;23.98;24.11;120.0;255.0
1890;24.08;24.21;120.0;255.0
1920;24.18;24.31;120.0;255.0
1950;24.28;24.41;120.0;255.0
1980;24.37;24.51;120.0;255.0
2010;24.48;24.61;120.0;255.0
2040;24.59;24.71;120.0;255.0
2070;24.68;24.81;120.0;255.0
2100;24.78;24.91;120.0;255.0
2130;24.88;25.0;120.0;255.0
2160;24.98;25.0;120.0;255.0
2190;25.01;25.0;120.0;255.0
2220;25.03;25.0;120.0;255.0
2250;25.03;25.0;120.0;255.0
2280;25.03;25.0;120.0;255.0
2310;24.99;25.0;120.0;255.0
2340;25.0;25.0;120.0;255.0
2370;24.98;25.0;120.0;255.0
2400;24.98;25.0;120.0;255.0
2430;24.95;25.0;120.0;255.0
2460;24.87;25.0;120.0;255.0
2490;24.94;25.0;120.0;255.0
2520;25.03;25.0;120.0;255.0
2550;25.06;25.0;120.0;255.0
2580;25.03;25.0;120.0;255.0
2610;25.05;25.0;120.0;255.0
2640;25.03;25.0;120.0;255.0
2670;25.0;25.0;120.0;255.0
2700;24.99;25.0;120.0;255.0
2730;24.95;25.0;120.0;255.0
2760;24.88;25.0;120.0;255.0
2790;24.95;25.0;120.0;255.0
2820;25.03;25.0;120.0;255.0
2850;25.06;25.0;120.0;255.0
2880;25.06;25.0;120.0;255.0
2910;25.03;25.0;120.0;255.0
2940;25.03;25.0;120.0;255.0
2970;25.01;25.0;120.0;255.0
3000;24.98;25.0;120.0;255.0
3030;24.95;25.0;120.0;255.0
3060;24.92;25.0;120.0;255.0
3090;24.9;25.0;120.0;255.0
3120;25.0;25.0;120.0;255.0
3150;25.09;25.0;120.0;255.0
3180;25.07;25.0;120.0;255.0
3210;25.06;25.0;120.0;255.0
3240;25.05;25.0;120.0;255.0
3270;25.03;25.0;120.0;255.0
3300;25.0;25.0;120.0;255.0
3330;24.98;25.0;120.0;255.0
3360;24.94;25.0;120.0;255.0
3390;24.88;25.0;120.0;255.0
3420;24.98;25.0;120.0;255.0
3450;25.05;25.0;120.0;255.0
3480;25.06;25.0;120.0;255.0
3510;25.06;25.0;120.0;255.0
3540;25.03;25.0;120.0;255.0
3570;25.03;25.0;120.0;255.0
3600;25.0;25.0;120.0;255.0
3630;24.99;25.0;120.0;255.0
3660;24.95;25.0;120.0;255.0
3690;24.9;25.0;120.0;255.0
3720;24.9;25.0;120.0;255.0
3750;25.01;25.0;120.0;255.0
3780;25.05;25.0;120.0;255.0
3810;25.07;25.0;120.0;255.0
3840;25.05;25.0;120.0;255.0
3870;25.03;25.0;120.0;255.0
3900;25.03;25.0;120.0;255.0
3930;25.01;25.0;120.0;255.0
3960;24.98;25.0;120.0;255.0
3990;24.92;25.0;120.0;255.0
4020;24.9;25.0;120.0;255.0
4050;25.0;25.0;120.0;255.0
4080;25.06;25.0;120.0;255.0
4110;25.06;25.0;120.0;255.0
4140;25.06;25.0;120.0;255.0
4170;25.03;25.0;120.0;255.0
4200;25.01;25.0;120.0;255.0
4230;25.0;25.0;120.0;255.0
4260;24.99;25.0;120.0;255.0
4290;24.98;25.0;120.0;255.0
4320;24.95;25.0;120.0;255.0
4350;24.89;25.0;120.0;255.0
4380;24.94;25.0;120.0;255.0
4410;25.03;25.0;120.0;255.0
4440;25.07;25.0;120.0;255.0
4470;25.09;25.0;120.0;255.0
4500;25.06;25.0;120.0;255.0
4530;25.03;25.0;120.0;255.0
4560;25.0;25.0;120.0;255.0
4590;25.0;25.0;120.0;255.0
4620;25.0;25.0;120.0;255.0
4650;24.96;25.0;120.0;255.0
4680;24.92;25.0;120.0;255.0
4710;24.9;25.0;120.0;255.0
4740;25.01;25.0;120.0;255.0
4770;25.07;25.0;120.0;255.0
4800;25.06;25.0;120.0;255.0
4830;25.05;25.0;120.0;255.0
4860;25.03;25.0;120.0;255.0
4890;25.03;25.0;120.0;255.0
4920;25.0;25.0;120.0;255.0
4950;24.96;25.0;120.0;255.0
4980;24.94;25.0;120.0;255.0
5010;24.92;25.0;120.0;255.0
5040;24.95;25.0;120.0;255.0
5070;25.03;25.0;120.0;255.0
5100;25.07;25.0;120.0;255.0
5130;25.06;25.0;120.0;255.0
5160;25.05;25.0;120.0;255.0
5190;25.05;25.0;120.0;255.0
5220;25.03;25.0;120.0;255.0
5250;25.0;25.0;120.0;255.0
5280;24.99;25.0;120.0;255.0
5310;24.96;25.0;120.0;255.0
5340;24.9;25.0;120.0;255.0
5370;24.95;25.0;120.0;255.0
5400;25.03;25.0;120.0;255.0
5430;25.05;25.0;120.0;255.0
5460;25.06;25.0;120.0;255.0
5490;25.03;25.0;120.0;255.0
5520;25.03;25.0;120.0;255.0
5550;25.03;25.0;120.0;255.0
5580;25.01;25.0;120.0;255.0
5610;24.98;25.0;120.0;255.0
5640;24.92;25.0;120.0;255.0
5670;24.9;25.0;120.0;255.0
5700;24.99;25.0;120.0;255.0
5730;25.05;25.0;120.0;255.0
5760;25.06;25.0;120.0;255.0
5790;25.05;25.0;120.0;255.0
5820;25.03;25.0;120.0;255.0
5850;25.0;25.0;120.0;255.0
5880;25.0;25.0;120.0;255.0
5910;25.0;25.0;120.0;255.0
5940;24.96;25.0;120.0;255.0
5970;24.92;25.0;120.0;255.0
6000;24.89;25.0;120.0;255.0
6030;25.0;25.0;120.0;255.0
6060;25.07;25.0;120.0;255.0
6090;25.07;25.0;120.0;255.0
6120;25.03;25.0;120.0;255.0
6150;25.03;25.0;120.0;255.0
6180;25.01;25.0;120.0;255.0
6210;25.03;25.0;120.0;255.0
6240;25.0;25.0;120.0;255.0
6270;24.96;25.0;120.0;255.0
6300;24.92;25.0;120.0;255.0
6330;24.9;25.0;120.0;255.0
6360;24.96;25.0;120.0;255.0
6390;25.05;25.0;120.0;255.0
6420;25.06;25.0;120.0;255.0
6450;25.06;25.0;120.0;255.0
6480;25.03;25.0;120.0;255.0
6510;25.03;25.0;120.0;255.0
6540;25.0;25.0;120.0;255.0
6570;24.99;25.0;120.0;255.0
6600;24.99;25.0;120.0;255.0
6630;24.94;25.0;120.0;255.0
6660;24.9;25.0;120.0;255.0
6690;24.99;25.0;120.0;255.0
6720;25.03;25.0;120.0;255.0
6750;25.05;25.0;120.0;255.0
6780;25.05;25.0;120.0;255.0
6810;25.03;25.0;120.0;255.0
6840;25.0;25.0;120.0;255.0
6870;24.99;25.0;120.0;255.0
6900;24.99;25.0;120.0;255.0
6930;24.94;25.0;120.0;255.0
6960;24.88;25.0;120.0;255.0
6990;24.95;25.0;120.0;255.0
7020;25.03;25.0;120.0;255.0
7050;25.09;25.0;120.0;255.0
7080;25.07;25.0;120.0;255.0
7110;25.03;25.0;120.0;255.0
7140;25.01;25.0;120.0;255.0
7170;25.01;25.0;120.0;255.0
7200;25.0;25.0;120.0;255.0
7230;24.99;25.0;120.0;255.0
7260;24.96;25.0;120.0;255.0
7290;24.89;25.0;120.0;255.0
7320;24.98;25.0;120.0;255.0
7350;25.05;25.0;120.0;255.0
7380;25.05;25.0;120.0;255.0
7410;25.03;25.0;120.0;255.0
7440;25.03;25.0;120.0;255.0
7470;25.03;25.0;120.0;255.0
7500;25.03;25.0;120.0;255.0
7530;25.0;25.0;120.0;255.0
7560;24.99;25.0;120.0;255.0
7590;24.95;25.0;120.0;255.0
7620;24.89;25.0;120.0;255.0
7650;24.96;25.0;120.0;255.0
7680;25.03;25.0;120.0;255.0
7710;25.03;25.0;120.0;255.0
7740;25.01;25.0;120.0;255.0
7770;25.03;25.0;120.0;255.0
7800;25.03;25.0;120.0;255.0
7830;25.01;25.0;120.0;255.0
7860;24.99;25.0;120.0;255.0
7890;24.96;25.0;120.0;255.0
7920;24.92;25.0;120.0;255.0
7950;24.9;25.0;120.0;255.0
7980;24.96;25.0;120.0;255.0
8010;25.03;25.0;120.0;255.0
8040;25.07;25.0;120.0;255.0
8070;25.05;25.0;120.0;255.0
8100;25.03;25.0;120.0;255.0
8130;25.01;25.0;120.0;255.0
8160;24.99;25.0;120.0;255.0
8190;24.99;25.0;120.0;255.0
8220;24.99;25.0;120.0;255.0
8250;24.98;25.0;120.0;255.0
8280;24.96;25.0;120.0;255.0
8310;24.94;25.0;120.0;255.0
8340;24.9;25.0;120.0;255.0
8370;24.98;25.0;120.0;255.0
8400;25.06;25.0;120.0;255.0
8430;25.06;25.0;120.0;255.0
8460;25.05;25.0;120.0;255.0
8490;25.03;25.0;120.0;255.0
8520;25.03;25.0;120.0;255.0
8550;25.0;25.0;120.0;255.0
8580;24.99;25.0;120.0;255.0
8610;24.98;25.0;120.0;255.0
8640;24.96;25.0;120.0;255.0
8670;24.9;25.0;120.0;255.0
8700;24.92;25.0;120.0;255.0
8730;25.01;25.0;120.0;255.0
8760;25.07;25.0;120.0;255.0
8790;25.09;25.0;120.0;255.0
8820;25.06;25.0;120.0;255.0
8850;25.03;25.0;120.0;255.0
8880;25.01;25.0;120.0;255.0
8910;25.01;25.0;120.0;255.0
8940;25.0;25.0;120.0;255.0
8970;24.99;25.0;120.0;255.0
9000;24.95;25.0;120.0;255.0
9030;24.88;25.0;120.0;255.0
9060;24.95;25.0;120.0;255.0
9090;25.03;25.0;120.0;255.0
9120;25.06;25.0;120.0;255.0
9150;25.07;25.0;120.0;255.0
9180;25.03;25.0;120.0;255.0
9210;25.03;25.0;120.0;255.0
9240;25.0;25.0;120.0;255.0
9270;25.01;25.0;120.0;255.0
9300;24.99;25.0;120.0;255.0
9330;24.98;25.0;120.0;255.0
9360;24.84;24.9;120.0;255.0
9390;24.88;24.8;120.0;255.0
9420;24.84;24.7;120.0;255.0
9450;24.78;24.6;120.0;255.0
9480;24.68;24.5;120.0;255.0
9510;24.56;24.4;120.0;255.0
9540;24.44;24.3;120.0;255.0
9570;24.37;24.2;120.0;255.0
9600;24.25;24.1;120.0;255.0
9630;24.14;24.0;120.0;255.0
9660;24.04;23.9;120.0;255.0
9690;23.93;23.8;120.0;255.0
9720;23.83;23.7;120.0;255.0
9750;23.72;23.6;120.0;255.0
9780;23.63;23.5;120.0;255.0
9810;23.54;23.4;120.0;255.0
9840;23.45;23.3;120.0;255.0
9870;23.33;23.2;120.0;255.0
9900;23.22;23.1;120.0;255.0
9930;23.12;23.0;120.0;255.0
9960;23.04;22.9;120.0;255.0
9990;22.93;22.8;120.0;255.0
10020;22.82;22.7;120.0;255.0
10050;22.73;22.6;120.0;255.0
10080;22.63;22.5;120.0;255.0
10110;22.52;22.4;120.0;255.0
10140;22.43;22.3;120.0;255.0
10170;22.32;22.2;120.0;255.0
10200;22.23;22.1;120.0;255.0
10230;22.12;22.0;120.0;255.0
10260;22.03;21.9;120.0;255.0
10290;21.84;21.8;120.0;255.0
10320;21.82;21.7;120.0;255.0
10350;21.75;21.6;120.0;255.0
10380;21.64;21.5;120.0;255.0
10410;21.55;21.4;120.0;255.0
10440;21.45;21.3;120.0;255.0
10470;21.34;21.2;120.0;255.0
10500;21.22;21.1;120.0;255.0
10530;21.13;21.0;120.0;255.0
10560;21.03;20.9;120.0;255.0
10590;20.95;20.8;120.0;255.0
10620;20.84;20.7;120.0;255.0
10650;20.73;20.6;120.0;255.0
10680;20.63;20.5;120.0;255.0
10710;20.54;20.4;120.0;255.0
10740;20.42;20.3;120.0;255.0
10770;20.31;20.2;120.0;255.0
10800;20.22;20.1;120.0;255.0
10830;20.12;20.0;120.0;255.0
10860;20.07;20.0;120.0;255.0
10890;20.03;20.0;120.0;255.0
10920;20.01;20.0;120.0;255.0
10950;20.01;20.0;120.0;255.0
10980;20.01;20.0;120.0;255.0
11010;20.0;20.0;120.0;255.0
11040;20.0;20.0;120.0;255.0
11070;20.01;20.0;120.0;255.0
11100;20.01;20.0;120.0;255.0
11130;19.99;20.0;120.0;255.0
11160;19.98;20.0;120.0;255.0
11190;19.98;20.0;120.0;255.0
11220;19.98;20.0;120.0;255.0
11250;19.98;20.0;120.0;255.0
11280;19.96;20.0;120.0;255.0
11310;19.92;20.0;120.0;255.0
11340;19.99;20.0;120.0;255.0
11370;20.07;20.0;120.0;255.0
11400;20.05;20.0;120.0;255.0
11430;20.03;20.0;120.0;255.0
11460;20.03;20.0;120.0;255.0
11490;20.01;20.0;120.0;255.0
11520;20.01;20.0;120.0;255.0
11550;20.01;20.0;120.0;255.0
11580;20.0;20.0;120.0;255.0
11610;20.0;20.0;120.0;255.0
11640;20.0;20.0;120.0;255.0
11670;20.0;20.0;120.0;255.0
11700;20.0;20.0;120.0;255.0
11730;19.99;20.0;120.0;255.0
11760;19.98;20.0;120.0;255.0
11790;19.98;20.0;120.0;255.0
11820;19.98;20.0;120.0;255.0
11850;19.98;20.0;120.0;255.0
11880;19.95;20.0;120.0;255.0
11910;19.95;20.0;120.0;255.0
11940;20.03;20.0;120.0;255.0
11970;20.04;20.0;120.0;255.0
12000;20.03;20.0;120.0;255.0
12030;20.03;20.0;120.0;255.0
12060;20.0;20.0;120.0;255.0
12090;20.0;20.0;120.0;255.0
12120;20.0;20.0;120.0;255.0
12150;20.0;20.0;120.0;255.0
12180;19.99;20.0;120.0;255.0
12210;19.98;20.0;120.0;255.0
12240;19.99;20.0;120.0;255.0
12270;19.96;20.0;120.0;255.0
12300;19.96;20.0;120.0;255.0
12330;19.98;20.0;120.0;255.0
12360;20.03;20.0;120.0;255.0
12390;20.03;20.0;120.0;255.0
12420;20.03;20.0;120.0;255.0
12450;20.01;20.0;120.0;255.0
12480;19.98;20.0;120.0;255.0
12510;20.0;20.0;120.0;255.0
12540;19.99;20.0;120.0;255.0
12570;19.99;20.0;120.0;255.0
12600;19.99;20.0;120.0;255.0
12630;19.99;20.0;120.0;255.0
12660;20.0;20.0;120.0;255.0
12690;20.0;20.0;120.0;255.0
12720;19.99;20.0;120.0;255.0
12750;19.95;20.0;120.0;255.0
12780;19.98;20.0;120.0;255.0
12810;20.04;20.0;120.0;255.0
12840;20.03;20.0;120.0;255.0
12870;20.03;20.0;120.0;255.0
12900;20.01;20.0;120.0;255.0
12930;20.0;20.0;120.0;255.0
12960;19.99;20.0;120.0;255.0
12990;20.0;20.0;120.0;255.0
13020;19.99;20.0;120.0;255.0
13050;19.99;20.0;120.0;255.0
13080;19.99;20.0;120.0;255.0
13110;19.98;20.0;120.0;255.0
13140;19.98;20.0;120.0;255.0
13170;19.98;20.0;120.0;255.0
13200;19.99;20.0;120.0;255.0
13230;20.04;20.0;120.0;255.0
13260;20.05;20.0;120.0;255.0
13290;20.03;20.0;120.0;255.0
13320;20.01;20.0;120.0;255.0
13350;20.0;20.0;120.0;255.0
13380;19.99;20.0;120.0;255.0
13410;19.99;20.0;120.0;255.0
13440;19.99;20.0;120.0;255.0
13470;19.96;20.0;120.0;255.0
13500;19.99;20.0;120.0;255.0
13530;19.99;20.0;120.0;255.0
13560;19.98;20.0;120.0;255.0
13590;19.98;20.0;120.0;255.0
13620;19.96;20.0;120.0;255.0
13650;19.98;20.0;120.0;255.0
13680;20.04;20.0;120.0;255.0
13710;20.05;20.0;120.0;255.0
13740;20.05;20.0;120.0;255.0
13770;20.03;20.0;120.0;255.0
13800;20.03;20.0;120.0;255.0
13830;20.03;20.0;120.0;255.0
13860;19.99;20.0;120.0;255.0
13890;19.99;20.0;120.0;255.0
13920;20.0;20.0;120.0;255.0
13950;19.99;20.0;120.0;255.0
13980;19.99;20.0;120.0;255.0
14010;19.98;20.0;120.0;255.0
14040;19.99;20.0;120.0;255.0
14070;19.98;20.0;120.0;255.0
14100;19.94;20.0;120.0;255.0
14130;19.98;20.0;120.0;255.0
14160;20.04;20.0;120.0;255.0
14190;20.04;20.0;120.0;255.0
14220;20.03;20.0;120.0;255.0
14250;20.04;20.0;120.0;255.0
14280;20.03;20.0;120.0;255.0
14310;20.03;20.0;120.0;255.0
14340;20.0;20.0;120.0;255.0
14370;19.99;20.0;120.0;255.0
14400;20.0;20.0;120.0;255.0
14430;19.99;20.0;120.0;255.0
14460;19.98;20.0;120.0;255.0
14490;19.96;20.0;120.0;255.0
14520;19.98;20.0;120.0;255.0
14550;19.95;20.0;120.0;255.0
14580;20.01;20.0;120.0;255.0
14610;20.05;20.0;120.0;255.0
14640;20.04;20.0;120.0;255.0
14670;20.03;20.0;120.0;255.0
14700;20.0;20.0;120.0;255.0
14730;19.99;20.0;120.0;255.0
14760;20.0;20.0;120.0;255.0
14790;20.0;20.0;120.0;255.0
14820;20.01;20.0;120.0;255.0
14850;19.99;20.0;120.0;255.0
14880;19.98;20.0;120.0;255.0
14910;19.95;20.0;120.0;255.0
14940;19.92;20.0;120.0;255.0
14970;20.0;20.0;120.0;255.0
15000;20.04;20.0;120.0;255.0
15030;20.01;20.0;120.0;255.0
15060;20.0;20.0;120.0;255.0
15090;19.99;20.0;120.0;255.0
15120;20.03;20.0;120.0;255.0
15150;20.01;20.0;120.0;255.0
15180;20.0;20.0;120.0;255.0
15210;19.99;20.0;120.0;255.0
15240;20.0;20.0;120.0;255.0
15270;20.0;20.0;120.0;255.0
15300;20.0;20.0;120.0;255.0
15330;20.0;20.0;120.0;255.0
15360;20.0;20.0;120.0;255.0
15390;19.99;20.0;120.0;255.0
15420;19.96;20.0;120.0;255.0
15450;19.94;20.0;120.0;255.0
15480;19.98;20.0;120.0;255.0
15510;20.04;20.0;120.0;255.0
15540;20.05;20.0;120.0;255.0
15570;20.04;20.0;120.0;255.0
15600;20.01;20.0;120.0;255.0
15630;20.0;20.0;120.0;255.0
15660;19.99;20.0;120.0;255.0
15690;20.0;20.0;120.0;255.0
15720;19.99;20.0;120.0;255.0
15750;19.99;20.0;120.0;255.0
15780;19.96;20.0;120.0;255.0
15810;19.94;20.0;120.0;255.0
15840;20.0;20.0;120.0;255.0
15870;20.04;20.0;120.0;255.0
15900;20.04;20.0;120.0;255.0
15930;20.03;20.0;120.0;255.0
15960;20.01;20.0;120.0;255.0
15990;20.01;20.0;120.0;255.0
16020;20.01;20.0;120.0;255.0
16050;20.0;20.0;120.0;255.0
16080;20.0;20.0;120.0;255.0
16110;19.99;20.0;120.0;255.0
16140;19.99;20.0;120.0;255.0
16170;19.98;20.0;120.0;255.0
16200;19.94;20.0;120.0;255.0
16230;19.96;20.0;120.0;255.0
16260;20.05;20.0;120.0;255.0
16290;20.05;20.0;120.0;255.0
16320;20.04;20.0;120.0;255.0
16350;20.03;20.0;120.0;255.0
16380;20.0;20.0;120.0;255.0
16410;20.0;20.0;120.0;255.0
16440;20.01;20.0;120.0;255.0
16470;19.98;20.0;120.0;255.0
16500;19.99;20.0;120.0;255.0
16530;19.99;20.0;120.0;255.0
16560;19.96;20.0;120.0;255.0
16590;19.95;20.0;120.0;255.0
16620;19.99;20.0;120.0;255.0
16650;20.04;20.0;120.0;255.0
16680;20.04;20.0;120.0;255.0
16710;20.04;20.0;120.0;255.0
16740;20.01;20.0;120.0;255.0
16770;20.0;20.0;120.0;255.0
16800;19.99;20.0;120.0;255.0
16830;19.99;20.0;120.0;255.0
16860;20.0;20.0;120.0;255.0
16890;19.99;20.0;120.0;255.0
16920;19.98;20.0;120.0;255.0
16950;19.96;20.0;120.0;255.0
16980;19.96;20.0;120.0;255.0
17010;19.95;20.0;120.0;255.0
17040;19.96;20.0;120.0;255.0
17070;20.03;20.0;120.0;255.0
17100;20.03;20.0;120.0;255.0
17130;20.03;20.0;120.0;255.0
17160;20.03;20.0;120.0;255.0
17190;20.01;20.0;120.0;255.0
17220;20.0;20.0;120.0;255.0
17250;20.0;20.0;120.0;255.0
17280;20.0;20.0;120.0;255.0
17310;20.0;20.0;120.0;255.0
17340;19.98;20.0;120.0;255.0
17370;19.96;20.0;120.0;255.0
17400;19.98;20.0;120.0;255.0
17430;19.96;20.0;120.0;255.0
17460;19.99;20.0;120.0;255.0
17490;20.04;20.0;120.0;255.0
17520;20.03;20.0;120.0;255.0
17550;20.03;20.0;120.0;255.0
17580;20.01;20.0;120.0;255.0
17610;20.01;20.0;120.0;255.0
17640;20.01;20.0;120.0;255.0
17670;20.0;20.0;120.0;255.0
17700;20.0;20.0;120.0;255.0
17730;19.99;20.0;120.0;255.0
17760;19.99;20.0;120.0;255.0
17790;19.98;20.0;120.0;255.0
17820;19.94;20.0;120.0;255.0
17850;20.0;20.0;120.0;255.0
17880;20.04;20.0;120.0;255.0
17910;20.03;20.0;120.0;255.0
17940;20.03;20.0;120.0;255.0
17970;20.01;20.0;120.0;255.0
18000;20.01;20.0;120.0;255.0
18030;20.01;20.0;120.0;255.0
18060;19.99;20.0;120.0;255.0
18090;19.98;20.0;120.0;255.0
18120;20.0;20.0;120.0;255.0
18150;20.0;20.0;120.0;255.0
18180;19.99;19.91;120.0;255.0
18210;19.94;19.81;120.0;255.0
18240;19.84;19.71;120.0;255.0
18270;19.74;19.61;120.0;255.0
18300;19.63;19.51;120.0;255.0
18330;19.55;19.41;120.0;255.0
18360;19.44;19.31;120.0;255.0
18390;19.31;19.21;120.0;255.0
18420;19.22;19.11;120.0;255.0
18450;19.13;19.01;120.0;255.0
18480;19.04;18.91;120.0;255.0
18510;18.96;18.81;120.0;255.0
18540;18.82;18.71;120.0;255.0
18570;18.72;18.61;120.0;255.0
18600;18.65;18.51;120.0;255.0
18630;18.55;18.41;120.0;255.0
18660;18.47;18.31;120.0;255.0
18690;18.35;18.21;120.0;255.0
18720;18.26;18.11;120.0;255.0
18750;18.13;18.01;120.0;255.0
18780;18.02;17.91;120.0;255.0
18810;17.93;17.81;120.0;255.0
18840;17.82;17.71;120.0;255.0
18870;17.73;17.61;120.0;255.0
18900;17.63;17.51;120.0;255.0
18930;17.53;17.41;120.0;255.0
18960;17.41;17.31;120.0;255.0
18990;17.34;17.21;120.0;255.0
19020;17.25;17.11;120.0;255.0
19050;17.16;17.01;120.0;255.0
19080;17.06;16.91;120.0;255.0
19110;16.94;16.81;120.0;255.0
19140;16.84;16.71;120.0;255.0
19170;16.73;16.61;120.0;255.0
19200;16.64;16.51;120.0;255.0
19230;16.55;16.41;120.0;255.0
19260;16.44;16.31;120.0;255.0
19290;16.34;16.21;120.0;255.0
19320;16.23;16.11;120.0;255.0
19350;16.13;16.01;120.0;255.0
19380;16.02;15.91;120.0;255.0
19410;15.92;15.81;120.0;255.0
19440;15.83;15.71;120.0;255.0
19470;15.74;15.61;120.0;255.0
19500;15.57;15.51;120.0;255.0
19530;15.55;15.41;120.0;255.0
19560;15.44;15.31;120.0;255.0
19590;15.36;15.21;120.0;255.0
19620;15.26;15.11;120.0;255.0
19650;15.16;15.01;120.0;255.0
19680;15.07;15.0;120.0;255.0
19710;15.03;15.0;120.0;255.0
19740;15.0;15.0;120.0;255.0
19770;15.0;15.0;120.0;255.0
19800;15.03;15.0;120.0;255.0
19830;15.0;15.0;120.0;255.0
19860;15.0;15.0;120.0;255.0
19890;15.0;15.0;120.0;255.0
19920;14.99;15.0;120.0;255.0
19950;14.98;15.0;120.0;255.0
19980;14.99;15.0;120.0;255.0
20010;15.01;15.0;120.0;255.0
20040;15.0;15.0;120.0;255.0
20070;14.99;15.0;120.0;255.0
20100;15.0;15.0;120.0;255.0
20130;15.0;15.0;120.0;255.0
20160;15.01;15.0;120.0;255.0
20190;15.01;15.0;120.0;255.0
20220;14.99;15.0;120.0;255.0
20250;14.99;15.0;120.0;255.0
20280;14.99;15.0;120.0;255.0
20310;15.0;15.0;120.0;255.0
20340;15.0;15.0;120.0;255.0
20370;15.01;15.0;120.0;255.0
20400;14.99;15.0;120.0;255.0
20430;14.99;15.0;120.0;255.0
20460;14.99;15.0;120.0;255.0
20490;15.0;15.0;120.0;255.0
20520;15.01;15.0;120.0;255.0
20550;15.0;15.0;120.0;255.0
20580;15.0;15.0;120.0;255.0
20610;15.0;15.0;120.0;255.0
20640;14.99;15.0;120.0;255.0
20670;15.0;15.0;120.0;255.0
20700;14.99;15.0;120.0;255.0
20730;15.0;15.0;120.0;255.0
20760;15.01;15.0;120.0;255.0
20790;15.0;15.0;120.0;255.0
20820;15.0;15.0;120.0;255.0
20850;15.0;15.0;120.0;255.0
20880;15.0;15.0;120.0;255.0
20910;15.0;15.0;120.0;255.0
20940;15.01;15.0;120.0;255.0
20970;15.01;15.0;120.0;255.0
21000;15.0;15.0;120.0;255.0
21030;15.0;15.0;120.0;255.0
21060;15.01;15.0;120.0;255.0
21090;15.01;15.0;120.0;255.0
21120;14.99;15.0;120.0;255.0
21150;14.98;15.0;120.0;255.0
21180;14.98;15.0;120.0;255.0
21210;15.0;15.0;120.0;255.0
21240;15.0;15.0;120.0;255.0
21270;15.01;15.0;120.0;255.0
21300;15.01;15.0;120.0;255.0
21330;15.0;15.0;120.0;255.0
21360;15.01;15.0;120.0;255.0
21390;15.01;15.0;120.0;255.0
21420;15.0;15.0;120.0;255.0
21450;15.01;15.0;120.0;255.0
21480;15.0;15.0;120.0;255.0
21510;15.01;15.0;120.0;255.0
21540;15.01;15.0;120.0;255.0
21570;14.99;15.0;120.0;255.0
21600;15.0;15.0;120.0;255.0
21630;15.0;15.0;120.0;255.0
21660;15.0;15.0;120.0;255.0
21690;15.01;15.0;120.0;255.0
21720;15.0;15.0;120.0;255.0
21750;15.0;15.0;120.0;255.0
21780;15.0;15.0;120.0;255.0
21810;15.0;15.0;120.0;255.0
21840;15.0;15.0;120.0;255.0
21870;14.99;15.0;120.0;255.0
21900;15.0;15.0;120.0;255.0
21930;15.0;15.0;120.0;255.0
21960;15.0;15.0;120.0;255.0
21990;15.0;15.0;120.0;255.0
22020;15.0;15.0;120.0;255.0
22050;15.0;15.0;120.0;255.0
22080;15.0;15.0;120.0;255.0
22110;15.01;15.0;120.0;255.0
22140;15.0;15.0;120.0;255.0
22170;15.0;15.0;120.0;255.0
22200;15.01;15.0;120.0;255.0
22230;15.01;15.0;120.0;255.0
22260;15.01;15.0;120.0;255.0
22290;14.98;15.0;120.0;255.0
22320;15.0;15.0;120.0;255.0
22350;15.01;15.0;120.0;255.0
22380;15.03;15.0;120.0;255.0
22410;15.0;15.0;120.0;255.0
22440;14.99;15.0;120.0;255.0
22470;15.0;15.0;120.0;255.0
22500;15.0;15.0;120.0;255.0
22530;14.99;15.0;120.0;255.0
22560;14.99;15.0;120.0;255.0
22590;14.99;15.0;120.0;255.0
22620;15.0;15.0;120.0;255.0
22650;14.99;15.0;120.0;255.0
22680;15.0;15.0;120.0;255.0
22710;15.0;15.0;120.0;255.0
22740;15.03;15.0;120.0;255.0
22770;15.04;15.0;120.0;255.0
22800;15.01;15.0;120.0;255.0
22830;15.0;15.0;120.0;255.0
22860;15.0;15.0;120.0;255.0
22890;14.99;15.0;120.0;255.0
22920;15.01;15.0;120.0;255.0
22950;15.01;15.0;120.0;255.0
22980;15.0;15.0;120.0;255.0
23010;14.99;15.0;120.0;255.0
23040;15.01;15.0;120.0;255.0
23070;15.01;15.0;120.0;255.0
23100;15.0;15.0;120.0;255.0
23130;15.01;15.0;120.0;255.0
23160;15.01;15.0;120.0;255.0
23190;15.0;15.0;120.0;255.0
23220;14.99;15.0;120.0;255.0
23250;14.99;15.0;120.0;255.0
23280;14.99;15.0;120.0;255.0
23310;14.99;15.0;120.0;255.0
23340;14.99;15.0;120.0;255.0
23370;14.99;15.0;120.0;255.0
23400;14.99;15.0;120.0;255.0
23430;15.0;15.0;120.0;255.0
23460;15.0;15.0;120.0;255.0
23490;15.01;15.0;120.0;255.0
23520;15.0;15.0;120.0;255.0
23550;14.99;15.0;120.0;255.0
23580;15.01;15.0;120.0;255.0
23610;15.01;15.0;120.0;255.0
23640;15.03;15.0;120.0;255.0
23670;15.01;15.0;120.0;255.0
23700;15.0;15.0;120.0;255.0
23730;15.0;15.0;120.0;255.0
23760;15.0;15.0;120.0;255.0
23790;14.99;15.0;120.0;255.0
23820;15.0;15.0;120.0;255.0
23850;15.0;15.0;120.0;255.0
23880;14.99;15.0;120.0;255.0
23910;15.0;15.0;120.0;255.0
23940;15.0;15.0;120.0;255.0
23970;15.01;15.0;120.0;255.0
24000;15.0;15.0;120.0;255.0
24030;15.0;15.0;120.0;255.0
24060;15.0;15.0;120.0;255.0
24090;14.99;15.0;120.0;255.0
24120;14.99;15.0;120.0;255.0
24150;15.0;15.0;120.0;255.0
24180;15.01;15.0;120.0;255.0
24210;15.01;15.0;120.0;255.0
24240;15.01;15.0;120.0;255.0
24270;15.0;15.0;120.0;255.0
24300;14.98;15.0;120.0;255.0
24330;14.99;15.0;120.0;255.0
24360;15.0;15.0;120.0;255.0
24390;15.01;15.0;120.0;255.0
24420;15.0;15.0;120.0;255.0
24450;15.0;15.0;120.0;255.0
24480;14.99;15.0;120.0;255.0
24510;15.0;15.0;120.0;255.0
24540;15.01;15.0;120.0;255.0
24570;15.01;15.0;120.0;255.0
24600;15.0;15.0;120.0;255.0
24630;15.0;15.0;120.0;255.0
24660;15.0;15.0;120.0;255.0
24690;15.0;15.0;120.0;255.0
24720;15.0;15.0;120.0;255.0
24750;15.0;15.0;120.0;255.0
24780;15.0;15.0;120.0;255.0
24810;14.99;15.0;120.0;255.0
24840;14.98;15.0;120.0;255.0
24870;14.97;15.0;120.0;255.0
24900;14.98;15.0;120.0;255.0
24930;15.0;15.0;120.0;255.0
24960;15.01;15.0;120.0;255.0
24990;15.01;15.0;120.0;255.0
25020;14.99;15.0;120.0;255.0
25050;15.01;15.0;120.0;255.0
25080;15.0;15.0;120.0;255.0
25110;15.0;15.0;120.0;255.0
25140;15.0;15.0;120.0;255.0
25170;15.0;15.0;120.0;255.0
25200;15.01;15.0;120.0;255.0
25230;15.0;15.0;120.0;255.0
25260;15.0;15.0;120.0;255.0
25290;15.0;15.0;120.0;255.0
25320;15.0;15.0;120.0;255.0
25350;15.01;15.0;120.0;255.0
25380;15.0;15.0;120.0;255.0
25410;15.0;15.0;120.0;255.0
25440;15.0;15.0;120.0;255.0
25470;15.0;15.0;120.0;255.0
25500;14.99;15.0;120.0;255.0
25530;14.99;15.0;120.0;255.0
25560;15.0;15.0;120.0;255.0
25590;15.0;15.0;120.0;255.0
25620;14.99;15.0;120.0;255.0
25650;15.0;15.0;120.0;255.0
25680;15.01;15.0;120.0;255.0
25710;15.01;15.0;120.0;255.0
25740;14.99;15.0;120.0;255.0
25770;15.0;15.0;120.0;255.0
25800;15.01;15.0;120.0;255.0
25830;15.01;15.0;120.0;255.0
25860;15.01;15.0;120.0;255.0
25890;14.99;15.0;120.0;255.0
25920;15.0;15.0;120.0;255.0
25950;15.01;15.0;120.0;255.0
25980;15.03;15.0;120.0;255.0
26010;14.99;15.0;120.0;255.0
26040;14.99;15.0;120.0;255.0
26070;14.99;15.0;120.0;255.0
26100;15.0;15.0;120.0;255.0
26130;14.99;15.0;120.0;255.0
26160;15.0;15.0;120.0;255.0
26190;15.01;15.0;120.0;255.0
26220;15.0;15.0;120.0;255.0
26250;15.0;15.0;120.0;255.0
26280;15.0;15.0;120.0;255.0
26310;14.99;15.0;120.0;255.0
26340;15.0;15.0;120.0;255.0
26370;15.01;15.0;120.0;255.0
26400;15.0;15.0;120.0;255.0
26430;14.98;15.0;120.0;255.0
26460;14.99;15.0;120.0;255.0
26490;15.01;15.0;120.0;255.0
26520;15.03;15.0;120.0;255.0
26550;15.03;15.0;120.0;255.0
26580;15.0;15.0;120.0;255.0
26610;15.0;15.0;120.0;255.0
26640;15.01;15.0;120.0;255.0
26670;15.04;15.0;120.0;255.0
26700;15.01;15.0;120.0;255.0
26730;15.01;15.0;120.0;255.0
26760;15.0;15.0;120.0;255.0
26790;15.0;15.0;120.0;255.0
26820;15.0;15.0;120.0;255.0
26850;15.0;15.0;120.0;255.0
26880;14.98;14.92;120.0;255.0
26910;14.9;14.82;120.0;255.0
26940;14.83;14.72;120.0;255.0
26970;14.74;14.62;120.0;255.0
27000;14.64;14.52;120.0;255.0
27030;14.54;14.42;120.0;255.0
27060;14.46;14.32;120.0;255.0
27090;14.35;14.22;120.0;255.0
27120;14.23;14.12;120.0;255.0
27150;14.13;14.02;120.0;255.0
27180;14.03;13.92;120.0;255.0
27210;13.94;13.82;120.0;255.0
27240;13.84;13.72;120.0;255.0
27270;13.76;13.62;120.0;255.0
27300;13.66;13.52;120.0;255.0
27330;13.56;13.42;120.0;255.0
27360;13.44;13.32;120.0;255.0
27390;13.35;13.22;120.0;255.0
27420;13.26;13.12;120.0;255.0
27450;13.15;13.02;120.0;255.0
27480;13.04;12.92;120.0;255.0
27510;12.94;12.82;120.0;255.0
27540;12.85;12.72;120.0;255.0
27570;12.75;12.62;120.0;255.0
27600;12.65;12.52;120.0;255.0
27630;12.53;12.42;120.0;255.0
27660;12.44;12.32;120.0;255.0
27690;12.35;12.22;120.0;255.0
27720;12.26;12.12;120.0;255.0
27750;12.15;12.02;120.0;255.0
27780;12.04;11.92;120.0;255.0
27810;11.95;11.82;120.0;255.0
27840;11.82;11.72;120.0;255.0
27870;11.74;11.62;120.0;255.0
27900;11.65;11.52;120.0;255.0
27930;11.52;11.42;120.0;255.0
27960;11.45;11.32;120.0;255.0
27990;11.35;11.22;120.0;255.0
28020;11.26;11.12;120.0;255.0
28050;11.15;11.02;120.0;255.0
28080;11.06;10.92;120.0;255.0
28110;10.96;10.82;120.0;255.0
28140;10.85;10.72;120.0;255.0
28170;10.75;10.62;120.0;255.0
28200;10.64;10.52;120.0;255.0
28230;10.56;10.42;120.0;255.0
28260;10.45;10.32;120.0;255.0
28290;10.35;10.22;120.0;255.0
28320;10.25;10.12;120.0;255.0
28350;10.17;10.02;120.0;255.0
28380;10.09;10.0;120.0;255.0
28410;10.03;10.0;120.0;255.0
28440;10.02;10.0;120.0;255.0
28470;9.99;10.0;120.0;255.0
28500;9.99;10.0;120.0;255.0
28530;10.0;10.0;120.0;255.0
28560;10.0;10.0;120.0;255.0
28590;10.0;10.0;120.0;255.0
28620;10.0;10.0;120.0;255.0
28650;10.0;10.0;120.0;255.0
28680;10.02;10.0;120.0;255.0
28710;10.02;10.0;120.0;255.0
28740;10.03;10.0;120.0;255.0
28770;10.0;10.0;120.0;255.0
28800;10.0;10.0;120.0;255.0
28830;10.0;10.0;120.0;255.0
28860;10.02;10.0;120.0;255.0
28890;10.02;10.0;120.0;255.0
28920;10.0;10.0;120.0;255.0
28950;9.99;10.0;120.0;255.0
28980;10.0;10.0;120.0;255.0
29010;10.02;10.0;120.0;255.0
29040;10.0;10.0;120.0;255.0
29070;9.99;10.0;120.0;255.0
29100;9.99;10.0;120.0;255.0
29130;10.0;10.0;120.0;255.0
29160;10.02;10.0;120.0;255.0
29190;10.0;10.0;120.0;255.0
29220;9.99;10.0;120.0;255.0
29250;10.0;10.0;120.0;255.0
29280;10.0;10.0;120.0;255.0
29310;10.0;10.0;120.0;255.0
29340;9.99;10.0;120.0;255.0
29370;10.0;10.0;120.0;255.0
29400;10.0;10.0;120.0;255.0
29430;10.0;10.0;120.0;255.0
29460;10.02;10.0;120.0;255.0
29490;10.0;10.0;120.0;255.0
29520;10.02;10.0;120.0;255.0
29550;9.99;10.0;120.0;255.0
29580;10.0;10.0;120.0;255.0
29610;9.99;10.0;120.0;255.0
29640;9.99;10.0;120.0;255.0
29670;10.0;10.0;120.0;255.0
29700;10.0;10.0;120.0;255.0
29730;10.0;10.0;120.0;255.0
29760;10.0;10.0;120.0;255.0
29790;10.02;10.0;120.0;255.0
29820;10.02;10.0;120.0;255.0
29850;10.0;10.0;120.0;255.0
29880;10.02;10.0;120.0;255.0
29910;10.0;10.0;120.0;255.0
29940;9.99;10.0;120.0;255.0
29970;9.99;10.0;120.0;255.0
30000;10.0;10.0;120.0;255.0
30030;9.99;10.0;120.0;255.0
30060;10.0;10.0;120.0;255.0
30090;9.99;10.0;120.0;255.0
30120;10.0;10.0;120.0;255.0
30150;10.0;10.0;120.0;255.0
30180;10.0;10.0;120.0;255.0
30210;10.0;10.0;120.0;255.0
30240;10.0;10.0;120.0;255.0
30270;10.02;10.0;120.0;255.0
30300;10.03;10.0;120.0;255.0
30330;10.03;10.0;120.0;255.0
30360;10.0;10.0;120.0;255.0
30390;10.0;10.0;120.0;255.0
30420;10.0;10.0;120.0;255.0
30450;10.03;10.0;120.0;255.0
30480;10.02;10.0;120.0;255.0
30510;10.0;10.0;120.0;255.0
30540;10.02;10.0;120.0;255.0
30570;10.02;10.0;120.0;255.0
30600;10.0;10.0;120.0;255.0
30630;10.02;10.0;120.0;255.0
30660;10.0;10.0;120.0;255.0
30690;10.0;10.0;120.0;255.0
30720;9.99;10.0;120.0;255.0
30750;10.0;10.0;120.0;255.0
30780;10.0;10.0;120.0;255.0
30810;10.0;10.0;120.0;255.0
30840;10.0;10.0;120.0;255.0
30870;9.99;10.0;120.0;255.0
30900;10.02;10.0;120.0;255.0
30930;10.02;10.0;120.0;255.0
30960;9.98;10.0;120.0;255.0
30990;10.0;10.0;120.0;255.0
31020;10.02;10.0;120.0;255.0
31050;10.02;10.0;120.0;255.0
31080;9.99;10.0;120.0;255.0
31110;10.0;10.0;120.0;255.0
31140;10.0;10.0;120.0;255.0
31170;10.02;10.0;120.0;255.0
31200;10.0;10.0;120.0;255.0
31230;9.99;10.0;120.0;255.0
31260;10.0;10.0;120.0;255.0
31290;9.99;10.0;120.0;255.0
31320;9.99;10.0;120.0;255.0
31350;10.0;10.0;120.0;255.0
31380;10.0;10.0;120.0;255.0
31410;10.0;10.0;120.0;255.0
31440;10.0;10.0;120.0;255.0
31470;10.0;10.0;120.0;255.0
31500;10.03;10.0;120.0;255.0
31530;10.0;10.0;120.0;255.0
31560;9.99;10.0;120.0;255.0
31590;10.0;10.0;120.0;255.0
31620;10.0;10.0;120.0;255.0
31650;10.0;10.0;120.0;255.0
31680;10.0;10.0;120.0;255.0
31710;10.0;10.0;120.0;255.0
31740;10.0;10.0;120.0;255.0
31770;10.0;10.0;120.0;255.0
31800;10.0;10.0;120.0;255.0
31830;10.0;10.0;120.0;255.0
31860;10.0;10.0;120.0;255.0
31890;10.03;10.0;120.0;255.0
31920;10.0;10.0;120.0;255.0
31950;10.0;10.0;120.0;255.0
31980;10.0;10.0;120.0;255.0
32010;10.0;10.0;120.0;255.0
32040;10.02;10.0;120.0;255.0
32070;10.02;10.0;120.0;255.0
32100;10.0;10.0;120.0;255.0
32130;10.02;10.0;120.0;255.0
32160;10.02;10.0;120.0;255.0
32190;10.02;10.0;120.0;255.0
32220;10.0;10.0;120.0;255.0
32250;9.99;10.0;120.0;255.0
32280;10.0;10.0;120.0;255.0
32310;10.0;10.0;120.0;255.0
32340;10.0;10.0;120.0;255.0
32370;10.0;10.0;120.0;255.0
32400;9.99;10.0;120.0;255.0
32430;10.0;10.0;120.0;255.0
32460;10.0;10.0;120.0;255.0
32490;10.02;10.0;120.0;255.0
32520;10.02;10.0;120.0;255.0
32550;10.02;10.0;120.0;255.0
32580;10.0;10.0;120.0;255.0
32610;10.0;10.0;120.0;255.0
32640;10.02;10.0;120.0;255.0
32670;9.99;10.0;120.0;255.0
32700;10.0;10.0;120.0;255.0
32730;10.0;10.0;120.0;255.0
32760;10.03;10.0;120.0;255.0
32790;10.0;10.0;120.0;255.0
32820;9.99;10.0;120.0;255.0
32850;10.0;10.0;120.0;255.0
32880;10.02;10.0;120.0;255.0
32910;10.0;10.0;120.0;255.0
32940;10.02;10.0;120.0;255.0
32970;10.0;10.0;120.0;255.0
33000;10.0;10.0;120.0;255.0
33030;10.02;10.0;120.0;255.0
33060;10.0;10.0;120.0;255.0
33090;10.0;10.0;120.0;255.0
33120;10.0;10.0;120.0;255.0
33150;10.0;10.0;120.0;255.0
33180;10.0;10.0;120.0;255.0
33210;10.0;10.0;120.0;255.0
33240;9.98;10.0;120.0;255.0
33270;9.99;10.0;120.0;255.0
33300;10.0;10.0;120.0;255.0
33330;10.0;10.0;120.0;255.0
33360;9.99;10.0;120.0;255.0
33390;10.0;10.0;120.0;255.0
33420;10.0;10.0;120.0;255.0
33450;10.02;10.0;120.0;255.0
33480;10.0;10.0;120.0;255.0
33510;10.02;10.0;120.0;255.0
33540;10.0;10.0;120.0;255.0
33570;10.02;10.0;120.0;255.0
33600;10.02;10.0;120.0;255.0
33630;10.0;10.0;120.0;255.0
33660;10.02;10.0;120.0;255.0
33690;10.0;10.0;120.0;255.0
33720;10.0;10.0;120.0;255.0
33750;10.0;10.0;120.0;255.0
33780;10.0;10.0;120.0;255.0
33810;10.0;10.0;120.0;255.0
33840;10.0;10.0;120.0;255.0
33870;10.0;10.0;120.0;255.0
33900;10.0;10.0;120.0;255.0
33930;10.02;10.0;120.0;255.0
33960;10.0;10.0;120.0;255.0
33990;10.0;10.0;120.0;255.0
34020;10.0;10.0;120.0;255.0
34050;10.02;10.0;120.0;255.0
34080;10.02;10.0;120.0;255.0
34110;10.03;10.0;120.0;255.0
34140;10.02;10.0;120.0;255.0
34170;10.0;10.0;120.0;255.0
34200;10.0;10.0;120.0;255.0
34230;9.99;10.0;120.0;255.0
34260;9.99;10.0;120.0;255.0
34290;10.0;10.0;120.0;255.0
34320;10.02;10.0;120.0;255.0
34350;10.02;10.0;120.0;255.0
34380;10.02;10.0;120.0;255.0
34410;9.99;10.0;120.0;255.0
34440;10.0;10.0;120.0;255.0
34470;10.02;10.0;120.0;255.0
34500;10.02;10.0;120.0;255.0
34530;10.0;10.0;120.0;255.0
34560;10.0;10.0;120.0;255.0
34590;10.0;10.0;120.0;255.0
34620;10.0;10.0;120.0;255.0
34650;10.02;10.0;120.0;255.0
34680;9.99;10.0;120.0;255.0
34710;9.99;10.0;120.0;255.0
34740;10.0;10.0;120.0;255.0
34770;10.02;10.0;120.0;255.0
34800;10.0;10.0;120.0;255.0
34830;10.0;10.0;120.0;255.0
34860;10.02;10.0;120.0;255.0
34890;10.0;10.0;120.0;255.0
34920;10.02;10.0;120.0;255.0
34950;10.03;10.0;120.0;255.0
34980;10.0;10.0;120.0;255.0
35010;9.99;10.0;120.0;255.0
35040;10.02;10.0;120.0;255.0
35070;10.0;10.0;120.0;255.0
35100;10.0;10.0;120.0;255.0
35130;9.99;10.0;120.0;255.0
35160;10.0;10.0;120.0;255.0
35190;10.0;10.0;120.0;255.0
35220;10.02;10.0;120.0;255.0
35250;10.0;10.0;120.0;255.0
35280;9.99;10.0;120.0;255.0
35310;9.99;10.0;120.0;255.0
35340;10.0;10.0;120.0;255.0
35370;10.0;10.0;120.0;255.0
35400;10.0;10.0;120.0;255.0
35430;9.99;10.0;120.0;255.0
35460;10.0;10.0;120.0;255.0
35490;9.99;10.0;120.0;255.0
35520;9.99;10.0;120.0;255.0
35550;10.0;10.0;120.0;255.0
35580;10.0;9.92;120.0;255.0
35610;9.93;9.82;120.0;255.0
35640;9.86;9.72;120.0;255.0
35670;9.76;9.62;120.0;255.0
35700;9.66;9.52;120.0;255.0
35730;9.55;9.42;120.0;255.0
35760;9.45;9.32;120.0;255.0
35790;9.33;9.22;120.0;255.0
35820;9.27;9.12;120.0;255.0
35850;9.16;9.02;120.0;255.0
35880;9.08;8.92;120.0;255.0
35910;8.97;8.82;120.0;255.0
35940;8.86;8.72;120.0;255.0
35970;8.75;8.62;120.0;255.0
36000;8.66;8.52;120.0;255.0
36030;8.56;8.42;120.0;255.0
36060;8.46;8.32;120.0;255.0
36090;8.36;8.22;120.0;255.0
36120;8.27;8.12;120.0;255.0
36150;8.17;8.02;120.0;255.0
36180;8.07;7.92;120.0;255.0
36210;7.96;7.82;120.0;255.0
36240;7.88;7.72;120.0;255.0
36270;7.75;7.62;120.0;255.0
36300;7.65;7.52;120.0;255.0
36330;7.56;7.42;120.0;255.0
36360;7.47;7.32;120.0;255.0
36390;7.37;7.22;120.0;255.0
36420;7.25;7.12;120.0;255.0
36450;7.17;7.02;120.0;255.0
36480;7.06;6.92;120.0;255.0
36510;6.95;6.82;120.0;255.0
36540;6.84;6.72;120.0;255.0
36570;6.76;6.62;120.0;255.0
36600;6.66;6.52;120.0;255.0
36630;6.56;6.42;120.0;255.0
36660;6.45;6.32;120.0;255.0
36690;6.37;6.22;120.0;255.0
36720;6.26;6.12;120.0;255.0
36750;6.19;6.02;120.0;255.0
36780;6.06;5.92;120.0;255.0
36810;5.97;5.82;120.0;255.0
36840;5.88;5.72;120.0;255.0
36870;5.77;5.62;120.0;255.0
36900;5.64;5.52;120.0;255.0
36930;5.54;5.42;120.0;255.0
36960;5.45;5.32;120.0;255.0
36990;5.33;5.22;120.0;255.0
37020;5.25;5.12;120.0;255.0
37050;5.15;5.02;120.0;255.0
37080;5.06;5.0;120.0;255.0
37110;5.04;5.0;120.0;255.0
37140;5.02;5.0;120.0;255.0
37170;5.01;5.0;120.0;255.0
37200;5.01;5.0;120.0;255.0
37230;5.01;5.0;120.0;255.0
37260;5.0;5.0;120.0;255.0
37290;4.99;5.0;120.0;255.0
37320;5.01;5.0;120.0;255.0
37350;5.0;5.0;120.0;255.0
37380;5.01;5.0;120.0;255.0
37410;5.0;5.0;120.0;255.0
37440;5.0;5.0;120.0;255.0
37470;5.0;5.0;120.0;255.0
37500;5.0;5.0;120.0;255.0
37530;5.0;5.0;120.0;255.0
37560;5.01;5.0;120.0;255.0
37590;4.99;5.0;120.0;255.0
37620;4.99;5.0;120.0;255.0
37650;5.0;5.0;120.0;255.0
37680;5.02;5.0;120.0;255.0
37710;5.01;5.0;120.0;255.0
37740;5.0;5.0;120.0;255.0
37770;5.01;5.0;120.0;255.0
37800;5.02;5.0;120.0;255.0
37830;5.02;5.0;120.0;255.0
37860;5.0;5.0;120.0;255.0
37890;5.01;5.0;120.0;255.0
37920;5.01;5.0;120.0;255.0
37950;5.04;5.0;120.0;255.0
37980;5.02;5.0;120.0;255.0
38010;5.0;5.0;120.0;255.0
38040;5.01;5.0;120.0;255.0
38070;5.01;5.0;120.0;255.0
38100;4.99;5.0;120.0;255.0
38130;4.99;5.0;120.0;255.0
38160;4.99;5.0;120.0;255.0
38190;5.0;5.0;120.0;255.0
38220;4.99;5.0;120.0;255.0
38250;4.99;5.0;120.0;255.0
38280;4.99;5.0;120.0;255.0
38310;4.99;5.0;120.0;255.0
38340;5.01;5.0;120.0;255.0
38370;4.97;5.0;120.0;255.0
38400;5.0;5.0;120.0;255.0
38430;4.99;5.0;120.0;255.0
38460;5.0;5.0;120.0;255.0
38490;5.01;5.0;120.0;255.0
38520;5.01;5.0;120.0;255.0
38550;5.01;5.0;120.0;255.0
38580;5.0;5.0;120.0;255.0
38610;5.01;5.0;120.0;255.0
38640;5.0;5.0;120.0;255.0
38670;5.0;5.0;120.0;255.0
38700;5.02;5.0;120.0;255.0
38730;5.01;5.0;120.0;255.0
38760;5.01;5.0;120.0;255.0
38790;5.0;5.0;120.0;255.0
38820;5.0;5.0;120.0;255.0
38850;5.04;5.0;120.0;255.0
38880;5.0;5.0;120.0;255.0
38910;5.02;5.0;120.0;255.0
38940;5.02;5.0;120.0;255.0
38970;5.01;5.0;120.0;255.0
39000;5.0;5.0;120.0;255.0
39030;5.0;5.0;120.0;255.0
39060;5.0;5.0;120.0;255.0
39090;5.01;5.0;120.0;255.0
39120;5.01;5.0;120.0;255.0
39150;5.0;5.0;120.0;255.0
39180;5.0;5.0;120.0;255.0
39210;5.02;5.0;120.0;255.0
39240;5.02;5.0;120.0;255.0
39270;5.01;5.0;120.0;255.0
39300;5.0;5.0;120.0;255.0
39330;5.0;5.0;120.0;255.0
39360;5.0;5.0;120.0;255.0
39390;5.01;5.0;120.0;255.0
39420;5.01;5.0;120.0;255.0
39450;5.01;5.0;120.0;255.0
39480;5.02;5.0;120.0;255.0
39510;5.01;5.0;120.0;255.0
39540;5.0;5.0;120.0;255.0
39570;5.0;5.0;120.0;255.0
39600;5.0;5.0;120.0;255.0
39630;5.0;5.0;120.0;255.0
39660;5.01;5.0;120.0;255.0
39690;5.02;5.0;120.0;255.0
39720;5.01;5.0;120.0;255.0
39750;5.0;5.0;120.0;255.0
39780;5.01;5.0;120.0;255.0
39810;5.01;5.0;120.0;255.0
39840;4.99;5.0;120.0;255.0
39870;4.95;5.0;120.0;255.0
39900;5.0;5.0;120.0;255.0
39930;5.0;5.0;120.0;255.0
39960;5.01;5.0;120.0;255.0
39990;5.02;5.0;120.0;255.0
40020;5.01;5.0;120.0;255.0
40050;5.0;5.0;120.0;255.0
40080;5.0;5.0;120.0;255.0
40110;5.0;5.0;120.0;255.0
40140;5.02;5.0;120.0;255.0
40170;5.01;5.0;120.0;255.0
40200;5.0;5.0;120.0;255.0
40230;4.99;5.0;120.0;255.0
40260;4.99;5.0;120.0;255.0
40290;5.0;5.0;120.0;255.0
40320;5.0;5.0;120.0;255.0
40350;5.01;5.0;120.0;255.0
40380;5.02;5.0;120.0;255.0
40410;5.0;5.0;120.0;255.0
40440;5.01;5.0;120.0;255.0
40470;5.01;5.0;120.0;255.0
40500;5.0;5.0;120.0;255.0
40530;5.0;5.0;120.0;255.0
40560;5.02;5.0;120.0;255.0
40590;5.01;5.0;120.0;255.0
40620;4.99;5.0;120.0;255.0
40650;5.0;5.0;120.0;255.0
40680;5.01;5.0;120.0;255.0
40710;4.99;5.0;120.0;255.0
40740;4.95;5.0;120.0;255.0
40770;4.99;5.0;120.0;255.0
40800;5.0;5.0;120.0;255.0
40830;5.01;5.0;120.0;255.0
40860;5.0;5.0;120.0;255.0
40890;5.0;5.0;120.0;255.0
40920;5.0;5.0;120.0;255.0
40950;5.0;5.0;120.0;255.0
40980;5.01;5.0;120.0;255.0
41010;5.02;5.0;120.0;255.0
41040;5.0;5.0;120.0;255.0
41070;5.01;5.0;120.0;255.0
41100;4.99;5.0;120.0;255.0
41130;4.99;5.0;120.0;255.0
41160;4.99;5.0;120.0;255.0
41190;5.0;5.0;120.0;255.0
41220;5.01;5.0;120.0;255.0
41250;5.0;5.0;120.0;255.0
41280;4.99;5.0;120.0;255.0
41310;5.01;5.0;120.0;255.0
41340;5.01;5.0;120.0;255.0
41370;5.0;5.0;120.0;255.0
41400;5.01;5.0;120.0;255.0
41430;5.01;5.0;120.0;255.0
41460;4.99;5.0;120.0;255.0
41490;5.0;5.0;120.0;255.0
41520;5.02;5.0;120.0;255.0
41550;5.01;5.0;120.0;255.0
41580;5.02;5.0;120.0;255.0
41610;5.01;5.0;120.0;255.0
41640;5.01;5.0;120.0;255.0
41670;5.02;5.0;120.0;255.0
41700;5.04;5.0;120.0;255.0
41730;5.01;5.0;120.0;255.0
41760;5.0;5.0;120.0;255.0
41790;5.01;5.0;120.0;255.0
41820;5.01;5.0;120.0;255.0
41850;4.99;5.0;120.0;255.0
41880;5.0;5.0;120.0;255.0
41910;5.0;5.0;120.0;255.0
41940;5.0;5.0;120.0;255.0
41970;5.0;5.0;120.0;255.0
42000;5.0;5.0;120.0;255.0
42030;5.01;5.0;120.0;255.0
42060;5.0;5.0;120.0;255.0
42090;5.01;5.0;120.0;255.0
42120;5.01;5.0;120.0;255.0
42150;5.0;5.0;120.0;255.0
42180;4.99;5.0;120.0;255.0
42210;5.0;5.0;120.0;255.0
42240;5.01;5.0;120.0;255.0
42270;5.01;5.0;120.0;255.0
42300;5.01;5.0;120.0;255.0
42330;5.0;5.0;120.0;255.0
42360;5.0;5.0;120.0;255.0
42390;5.01;5.0;120.0;255.0
42420;5.01;5.0;120.0;255.0
42450;5.01;5.0;120.0;255.0
42480;5.0;5.0;120.0;255.0
42510;5.0;5.0;120.0;255.0
42540;5.0;5.0;120.0;255.0
42570;5.01;5.0;120.0;255.0
42600;5.0;5.0;120.0;255.0
42630;4.99;5.0;120.0;255.0
42660;5.0;5.0;120.0;255.0
42690;5.02;5.0;120.0;255.0
42720;5.01;5.0;120.0;255.0
42750;5.01;5.0;120.0;255.0
42780;5.0;5.0;120.0;255.0
42810;5.01;5.0;120.0;255.0
42840;5.01;5.0;120.0;255.0
42870;4.99;5.0;120.0;255.0
42900;4.99;5.0;120.0;255.0
42930;4.99;5.0;120.0;255.0
42960;4.99;5.0;120.0;255.0
42990;5.0;5.0;120.0;255.0
43020;5.0;5.0;120.0;255.0
43050;5.0;5.0;120.0;255.0
43080;5.0;5.0;120.0;255.0
43110;5.0;5.0;120.0;255.0
43140;4.99;5.0;120.0;255.0
43170;4.99;5.0;120.0;255.0
43200;5.0;5.0;120.0;255.0
43230;5.01;5.0;120.0;255.0
43260;5.01;5.0;120.0;255.0
43290;5.01;5.0;120.0;255.0
43320;5.02;5.0;120.0;255.0
43350;4.99;5.0;120.0;255.0
43380;5.01;5.0;120.0;255.0
43410;5.0;5.0;120.0;255.0
43440;5.01;5.0;120.0;255.0
43470;5.0;5.0;120.0;255.0
43500;5.0;5.0;120.0;255.0
43530;5.0;5.0;120.0;255.0
43560;5.01;5.0;120.0;255.0
43590;5.01;5.0;120.0;255.0
43620;5.04;5.0;120.0;255.0
43650;5.02;5.0;120.0;255.0
43680;5.01;5.0;120.0;255.0
43710;5.0;5.0;120.0;255.0
43740;4.99;5.0;120.0;255.0
43770;4.99;5.0;120.0;255.0
43800;4.97;5.0;120.0;255.0
43830;5.0;5.0;120.0;255.0
43860;5.0;5.0;120.0;255.0
43890;5.0;5.0;120.0;255.0
43920;4.99;5.0;120.0;255.0
43950;5.0;5.0;120.0;255.0
43980;4.99;5.0;120.0;255.0
44010;5.0;5.0;120.0;255.0
44040;4.99;5.0;120.0;255.0
44070;5.0;5.0;120.0;255.0
44100;5.01;5.0;120.0;255.0
44130;5.0;5.0;120.0;255.0
44160;4.97;5.0;120.0;255.0
44190;5.01;5.0;120.0;255.0
44220;4.99;5.0;120.0;255.0
44250;4.99;5.0;120.0;255.0
44280;5.02;5.18;120.0;255.0
44310;5.17;5.43;120.0;255.0
44340;5.34;5.68;120.0;255.0
44370;5.56;5.93;120.0;255.0
44400;5.8;6.18;120.0;255.0
44430;6.05;6.43;120.0;255.0
44460;6.3;6.68;120.0;255.0
44490;6.54;6.93;120.0;255.0
44520;6.82;7.18;120.0;255.0
44550;7.08;7.43;120.0;255.0
44580;7.35;7.68;120.0;255.0
44610;7.6;7.93;120.0;255.0
44640;7.85;8.18;120.0;255.0
44670;8.12;8.43;120.0;255.0
44700;8.35;8.68;120.0;255.0
44730;8.61;8.93;120.0;255.0
44760;8.86;9.18;120.0;255.0
44790;9.1;9.43;120.0;255.0
44820;9.34;9.68;120.0;255.0
44850;9.58;9.93;120.0;255.0
44880;9.86;10.18;120.0;255.0
44910;10.11;10.43;120.0;255.0
44940;10.36;10.68;120.0;255.0
44970;10.62;10.93;120.0;255.0
45000;10.86;11.18;120.0;255.0
45030;11.09;11.43;120.0;255.0
45060;11.34;11.68;120.0;255.0
45090;11.6;11.93;120.0;255.0
45120;11.85;12.18;120.0;255.0
45150;12.11;12.43;120.0;255.0
45180;12.39;12.68;120.0;255.0
45210;12.63;12.93;120.0;255.0
45240;12.85;13.18;120.0;255.0
45270;13.11;13.43;120.0;255.0
45300;13.35;13.68;120.0;255.0
45330;13.61;13.93;120.0;255.0
45360;13.85;14.18;120.0;255.0
45390;14.11;14.43;120.0;255.0
45420;14.37;14.68;120.0;255.0
45450;14.6;14.93;120.0;255.0
45480;14.83;15.18;120.0;255.0
45510;15.09;15.43;120.0;255.0
45540;15.36;15.68;120.0;255.0
45570;15.62;15.93;120.0;255.0
45600;15.85;16.18;120.0;255.0
45630;16.12;16.43;120.0;255.0
45660;16.35;16.68;120.0;255.0
45690;16.61;16.93;120.0;255.0
45720;16.86;17.18;120.0;255.0
45750;17.12;17.43;120.0;255.0
45780;17.37;17.68;120.0;255.0
45810;17.6;17.93;120.0;255.0
45840;17.85;18.18;120.0;255.0
45870;18.1;18.43;120.0;255.0
45900;18.35;18.68;120.0;255.0
45930;18.61;18.93;120.0;255.0
45960;18.89;19.18;120.0;255.0
45990;19.11;19.43;120.0;255.0
46020;19.37;19.68;120.0;255.0
46050;19.61;19.93;120.0;255.0
