Time ;Temperatur;Set_temp;Humidity;Set_H
(s);(�C);(�C);(%);(%)
0;19.73;20.0;120.0;0.0
30;20.33;45.0;120.0;0.0
60;22.48;45.0;120.0;0.0
90;25.58;45.0;120.0;0.0
120;29.13;45.0;120.0;0.0
150;32.84;45.0;120.0;0.0
180;36.7;45.0;120.0;0.0
210;40.34;45.0;120.0;0.0
240;42.32;45.0;120.0;0.0
270;43.36;45.0;120.0;0.0
300;43.88;45.0;120.0;0.0
330;44.25;45.0;120.0;0.0
360;44.58;45.0;120.0;0.0
390;44.81;45.0;120.0;0.0
420;44.97;45.0;120.0;0.0
450;45.08;45.0;120.0;0.0
480;45.11;45.0;120.0;0.0
510;45.12;45.0;120.0;0.0
540;45.12;45.0;120.0;0.0
570;45.12;45.0;120.0;0.0
600;45.13;45.0;120.0;0.0
630;45.13;45.0;120.0;0.0
660;45.11;45.0;120.0;0.0
690;45.11;45.0;120.0;0.0
720;45.08;45.0;120.0;0.0
750;45.06;45.0;120.0;0.0
780;45.06;45.0;120.0;0.0
810;45.07;45.0;120.0;0.0
840;45.06;45.0;120.0;0.0
870;45.07;45.0;120.0;0.0
900;45.05;45.0;120.0;0.0
930;45.05;45.0;120.0;0.0
960;45.03;45.0;120.0;0.0
990;45.03;45.0;120.0;0.0
1020;45.03;45.0;120.0;0.0
1050;45.03;45.0;120.0;0.0
1080;45.03;45.0;120.0;0.0
1110;45.03;45.0;120.0;0.0
1140;45.02;45.0;120.0;0.0
1170;45.02;45.0;120.0;0.0
1200;45.01;45.0;120.0;0.0
1230;45.02;45.0;120.0;0.0
1260;45.02;45.0;120.0;0.0
1290;45.01;45.0;120.0;0.0
1320;45.01;45.0;120.0;0.0
1350;45.01;45.0;120.0;0.0
1380;45.02;45.0;120.0;0.0
1410;45.03;45.0;120.0;0.0
1440;45.02;45.0;120.0;0.0
1470;45.02;45.0;120.0;0.0
1500;45.03;45.0;120.0;0.0
1530;45.02;45.0;120.0;0.0
1560;45.02;45.0;120.0;0.0
1590;45.01;45.0;120.0;0.0
1620;45.0;45.0;120.0;0.0
1650;45.01;45.0;120.0;0.0
1680;45.01;45.0;120.0;0.0
1710;45.01;45.0;120.0;0.0
1740;45.01;45.0;120.0;0.0
1770;45.02;45.0;120.0;0.0
1800;45.02;45.0;120.0;0.0
1830;45.02;45.0;120.0;0.0
1860;45.01;45.0;120.0;0.0
1890;45.0;45.0;120.0;0.0
1920;45.0;45.0;120.0;0.0
1950;45.01;45.0;120.0;0.0
1980;45.0;45.0;120.0;0.0
2010;45.0;45.0;120.0;0.0
2040;45.0;45.0;120.0;0.0
2070;45.01;45.0;120.0;0.0
2100;45.01;45.0;120.0;0.0
2130;45.01;45.0;120.0;0.0
2160;45.01;45.0;120.0;0.0
2190;45.01;45.0;120.0;0.0
2220;45.01;45.0;120.0;0.0
2250;45.01;45.0;120.0;0.0
2280;45.0;45.0;120.0;0.0
2310;45.0;45.0;120.0;0.0
2340;45.0;45.0;120.0;0.0
2370;45.0;45.0;120.0;0.0
2400;45.0;45.0;120.0;0.0
2430;45.0;45.0;120.0;0.0
2460;45.0;45.0;120.0;0.0
2490;45.01;45.0;120.0;0.0
2520;45.01;45.0;120.0;0.0
2550;45.0;45.0;120.0;0.0
2580;45.01;45.0;120.0;0.0
2610;45.0;45.0;120.0;0.0
2640;45.01;45.0;120.0;0.0
2670;45.0;45.0;120.0;0.0
2700;45.0;45.0;120.0;0.0
2730;45.0;45.0;120.0;0.0
2760;45.0;45.0;120.0;0.0
2790;45.0;45.0;120.0;0.0
2820;45.0;45.0;120.0;0.0
2850;45.0;45.0;120.0;0.0
2880;45.0;45.0;120.0;0.0
2910;45.0;45.0;120.0;0.0
2940;45.01;45.0;120.0;0.0
2970;45.01;45.0;120.0;0.0
3000;45.01;45.0;120.0;0.0
3030;45.01;45.0;120.0;0.0
3060;45.01;45.0;120.0;0.0
3090;45.0;45.0;120.0;0.0
3120;45.0;45.0;120.0;0.0
3150;44.98;45.0;120.0;0.0
3180;44.98;45.0;120.0;0.0
3210;45.0;45.0;120.0;0.0
3240;45.01;45.0;120.0;0.0
3270;45.01;45.0;120.0;0.0
3300;45.01;45.0;120.0;0.0
3330;45.0;45.0;120.0;0.0
3360;45.01;45.0;120.0;0.0
3390;44.98;45.0;120.0;0.0
3420;44.94;45.0;120.0;0.0
3450;44.94;45.0;120.0;0.0
3480;44.98;45.0;120.0;0.0
3510;45.01;45.0;120.0;0.0
3540;45.03;45.0;120.0;0.0
3570;45.03;45.0;120.0;0.0
3600;45.03;45.0;120.0;0.0
3630;45.03;45.0;120.0;0.0
3660;45.02;45.0;120.0;0.0
3690;45.02;45.0;120.0;0.0
3720;45.02;45.0;120.0;0.0
3750;45.01;45.0;120.0;0.0
3780;45.01;45.0;120.0;0.0
3810;45.0;45.0;120.0;0.0
3840;45.0;45.0;120.0;0.0
3870;45.0;45.0;120.0;0.0
3900;45.0;45.0;120.0;0.0
3930;45.0;45.0;120.0;0.0
3960;45.0;45.0;120.0;0.0
3990;44.98;45.0;120.0;0.0
4020;45.0;45.0;120.0;0.0
4050;45.0;45.0;120.0;0.0
4080;45.01;45.0;120.0;0.0
4110;45.01;45.0;120.0;0.0
4140;45.01;45.0;120.0;0.0
4170;45.01;45.0;120.0;0.0
4200;45.01;45.0;120.0;0.0
4230;45.0;45.0;120.0;0.0
4260;44.98;45.0;120.0;0.0
4290;44.97;45.0;120.0;0.0
4320;44.96;45.0;120.0;0.0
4350;44.96;45.0;120.0;0.0
4380;44.98;45.0;120.0;0.0
4410;45.0;45.0;120.0;0.0
4440;45.0;45.0;120.0;0.0
4470;45.01;45.0;120.0;0.0
4500;45.01;45.0;120.0;0.0
4530;44.98;45.0;120.0;0.0
4560;44.92;45.0;120.0;0.0
4590;44.93;45.0;120.0;0.0
4620;45.0;45.0;120.0;0.0
4650;45.03;45.0;120.0;0.0
4680;45.05;45.0;120.0;0.0
4710;45.03;45.0;120.0;0.0
4740;45.02;45.0;120.0;0.0
4770;45.0;45.0;120.0;0.0
4800;44.89;45.0;120.0;0.0
4830;44.91;45.0;120.0;0.0
4860;44.97;45.0;120.0;0.0
4890;45.03;45.0;120.0;0.0
4920;45.06;45.0;120.0;0.0
4950;45.06;45.0;120.0;0.0
4980;45.02;45.0;120.0;0.0
5010;44.89;45.0;120.0;0.0
5040;44.91;45.0;120.0;0.0
5070;45.0;45.0;120.0;0.0
5100;45.05;45.0;120.0;0.0
5130;45.07;45.0;120.0;0.0
5160;45.06;45.0;120.0;0.0
5190;45.06;45.0;120.0;0.0
5220;45.03;45.0;120.0;0.0
5250;45.01;45.0;120.0;0.0
5280;45.0;45.0;120.0;0.0
5310;44.92;45.0;120.0;0.0
5340;44.89;45.0;120.0;0.0
5370;44.96;45.0;120.0;0.0
5400;45.01;45.0;120.0;0.0
5430;45.03;45.0;120.0;0.0
5460;45.05;45.0;120.0;0.0
5490;45.03;45.0;120.0;0.0
5520;45.03;45.0;120.0;0.0
5550;45.02;45.0;120.0;0.0
5580;45.02;45.0;120.0;0.0
5610;45.02;45.0;120.0;0.0
5640;45.01;45.0;120.0;0.0
5670;45.01;45.0;120.0;0.0
5700;45.0;45.0;120.0;0.0
5730;45.0;45.0;120.0;0.0
5760;45.0;35.0;120.0;0.0
5790;39.6;35.0;120.0;0.0
5820;36.98;35.0;120.0;0.0
5850;35.98;35.0;120.0;0.0
5880;35.3;35.0;120.0;0.0
5910;35.23;35.0;120.0;0.0
5940;35.23;35.0;120.0;0.0
5970;35.15;35.0;120.0;0.0
6000;35.07;35.0;120.0;0.0
6030;35.1;35.0;120.0;0.0
6060;35.11;35.0;120.0;0.0
6090;35.11;35.0;120.0;0.0
6120;35.06;35.0;120.0;0.0
6150;35.02;35.0;120.0;0.0
6180;35.01;35.0;120.0;0.0
6210;35.01;35.0;120.0;0.0
6240;35.02;35.0;120.0;0.0
6270;35.01;35.0;120.0;0.0
6300;35.0;35.0;120.0;0.0
6330;34.99;35.0;120.0;0.0
6360;35.0;35.0;120.0;0.0
6390;34.99;35.0;120.0;0.0
6420;34.99;35.0;120.0;0.0
6450;34.99;35.0;120.0;0.0
6480;35.0;35.0;120.0;0.0
6510;34.99;35.0;120.0;0.0
6540;34.99;35.0;120.0;0.0
6570;34.96;35.0;120.0;0.0
6600;34.95;35.0;120.0;0.0
6630;34.78;35.0;120.0;0.0
6660;34.87;35.0;120.0;0.0
6690;35.04;35.0;120.0;0.0
6720;35.06;35.0;120.0;0.0
6750;35.06;35.0;120.0;0.0
6780;35.06;35.0;120.0;0.0
6810;35.04;35.0;120.0;0.0
6840;35.02;35.0;120.0;0.0
6870;35.0;35.0;120.0;0.0
6900;34.9;35.0;120.0;0.0
6930;34.73;35.0;120.0;0.0
6960;34.91;35.0;120.0;0.0
6990;35.08;35.0;120.0;0.0
7020;35.11;35.0;120.0;0.0
7050;35.11;35.0;120.0;0.0
7080;35.07;35.0;120.0;0.0
7110;35.04;35.0;120.0;0.0
7140;35.01;35.0;120.0;0.0
7170;34.99;35.0;120.0;0.0
7200;34.89;35.0;120.0;0.0
7230;34.78;35.0;120.0;0.0
7260;34.96;35.0;120.0;0.0
7290;35.08;35.0;120.0;0.0
7320;35.13;35.0;120.0;0.0
7350;35.12;35.0;120.0;0.0
7380;35.08;35.0;120.0;0.0
7410;35.06;35.0;120.0;0.0
7440;35.02;35.0;120.0;0.0
7470;34.99;35.0;120.0;0.0
7500;34.85;35.0;120.0;0.0
7530;34.74;35.0;120.0;0.0
7560;34.96;35.0;120.0;0.0
7590;35.07;35.0;120.0;0.0
7620;35.11;35.0;120.0;0.0
7650;35.1;35.0;120.0;0.0
7680;35.07;35.0;120.0;0.0
7710;35.04;35.0;120.0;0.0
7740;35.01;35.0;120.0;0.0
7770;34.93;35.0;120.0;0.0
7800;34.71;35.0;120.0;0.0
7830;34.85;35.0;120.0;0.0
7860;35.06;35.0;120.0;0.0
7890;35.13;35.0;120.0;0.0
7920;35.13;35.0;120.0;0.0
7950;35.11;35.0;120.0;0.0
7980;35.04;35.0;120.0;0.0
8010;35.04;35.0;120.0;0.0
8040;34.99;35.0;120.0;0.0
8070;34.84;35.0;120.0;0.0
8100;34.74;35.0;120.0;0.0
8130;34.95;35.0;120.0;0.0
8160;35.07;35.0;120.0;0.0
8190;35.12;35.0;120.0;0.0
8220;35.11;35.0;120.0;0.0
8250;35.08;35.0;120.0;0.0
8280;35.06;35.0;120.0;0.0
8310;35.02;35.0;120.0;0.0
8340;34.99;35.0;120.0;0.0
8370;34.95;35.0;120.0;0.0
8400;34.76;35.0;120.0;0.0
8430;34.78;35.0;120.0;0.0
8460;35.02;35.0;120.0;0.0
8490;35.15;35.0;120.0;0.0
8520;35.15;35.0;120.0;0.0
8550;35.12;35.0;120.0;0.0
8580;35.08;35.0;120.0;0.0
8610;35.04;35.0;120.0;0.0
8640;35.01;35.0;120.0;0.0
8670;34.91;35.0;120.0;0.0
8700;34.75;35.0;120.0;0.0
8730;34.91;35.0;120.0;0.0
8760;35.06;35.0;120.0;0.0
8790;35.12;35.0;120.0;0.0
8820;35.11;35.0;120.0;0.0
8850;35.1;35.0;120.0;0.0
8880;35.04;35.0;120.0;0.0
8910;35.02;35.0;120.0;0.0
8940;34.97;35.0;120.0;0.0
8970;34.76;35.0;120.0;0.0
9000;34.79;35.0;120.0;0.0
9030;35.04;35.0;120.0;0.0
9060;35.12;35.0;120.0;0.0
9090;35.15;35.0;120.0;0.0
9120;35.08;35.0;120.0;0.0
9150;35.08;35.0;120.0;0.0
9180;35.02;35.0;120.0;0.0
9210;35.0;35.0;120.0;0.0
9240;34.97;35.0;120.0;0.0
9270;34.79;35.0;120.0;0.0
9300;34.81;35.0;120.0;0.0
9330;35.04;35.0;120.0;0.0
9360;35.12;35.0;120.0;0.0
9390;35.13;35.0;120.0;0.0
9420;35.11;35.0;120.0;0.0
9450;35.07;35.0;120.0;0.0
9480;35.04;35.0;120.0;0.0
9510;34.96;35.0;120.0;0.0
9540;34.74;35.0;120.0;0.0
9570;34.86;35.0;120.0;0.0
9600;35.07;35.0;120.0;0.0
9630;35.11;35.0;120.0;0.0
9660;35.12;35.0;120.0;0.0
9690;35.07;35.0;120.0;0.0
9720;35.04;35.0;120.0;0.0
9750;35.0;35.0;120.0;0.0
9780;34.8;35.0;120.0;0.0
9810;34.8;35.0;120.0;0.0
9840;35.01;35.0;120.0;0.0
9870;35.1;35.0;120.0;0.0
9900;35.11;35.0;120.0;0.0
9930;35.08;35.0;120.0;0.0
9960;35.06;35.0;120.0;0.0
9990;35.04;35.0;120.0;0.0
10020;34.99;35.0;120.0;0.0
10050;34.86;35.0;120.0;0.0
10080;34.71;35.0;120.0;0.0
10110;34.93;35.0;120.0;0.0
10140;35.1;35.0;120.0;0.0
10170;35.12;35.0;120.0;0.0
10200;35.12;35.0;120.0;0.0
10230;35.07;35.0;120.0;0.0
10260;35.06;35.0;120.0;0.0
10290;35.01;35.0;120.0;0.0
10320;34.85;35.0;120.0;0.0
10350;34.79;35.0;120.0;0.0
10380;35.0;35.0;120.0;0.0
10410;35.11;35.0;120.0;0.0
10440;35.13;35.0;120.0;0.0
10470;35.08;35.0;120.0;0.0
10500;35.04;35.0;120.0;0.0
10530;35.01;35.0;120.0;0.0
10560;34.85;35.0;120.0;0.0
10590;34.79;35.0;120.0;0.0
10620;35.0;35.0;120.0;0.0
10650;35.1;35.0;120.0;0.0
10680;35.13;35.0;120.0;0.0
10710;35.1;35.0;120.0;0.0
10740;35.07;35.0;120.0;0.0
10770;35.02;35.0;120.0;0.0
10800;34.97;35.0;120.0;0.0
10830;34.93;35.0;120.0;0.0
10860;34.71;35.0;120.0;0.0
10890;34.85;35.0;120.0;0.0
10920;35.06;35.0;120.0;0.0
10950;35.12;35.0;120.0;0.0
10980;35.13;35.0;120.0;0.0
11010;35.11;35.0;120.0;0.0
11040;35.06;35.0;120.0;0.0
11070;35.01;35.0;120.0;0.0
11100;34.97;35.0;120.0;0.0
11130;34.91;35.0;120.0;0.0
11160;34.7;35.0;120.0;0.0
11190;34.87;35.0;120.0;0.0
11220;35.06;35.0;120.0;0.0
11250;35.11;35.0;120.0;0.0
11280;33.99;25.0;120.0;0.0
11310;28.57;25.0;120.0;0.0
11340;26.07;25.0;120.0;0.0
11370;25.62;25.0;120.0;0.0
11400;25.23;25.0;120.0;0.0
11430;25.17;25.0;120.0;0.0
11460;25.21;25.0;120.0;0.0
11490;25.21;25.0;120.0;0.0
11520;25.28;25.0;120.0;0.0
11550;25.26;25.0;120.0;0.0
11580;25.21;25.0;120.0;0.0
11610;25.05;25.0;120.0;0.0
11640;25.01;25.0;120.0;0.0
11670;25.03;25.0;120.0;0.0
11700;25.05;25.0;120.0;0.0
11730;25.05;25.0;120.0;0.0
11760;25.05;25.0;120.0;0.0
11790;25.03;25.0;120.0;0.0
11820;25.03;25.0;120.0;0.0
11850;25.0;25.0;120.0;0.0
11880;25.01;25.0;120.0;0.0
11910;25.0;25.0;120.0;0.0
11940;24.98;25.0;120.0;0.0
11970;24.99;25.0;120.0;0.0
12000;25.0;25.0;120.0;0.0
12030;25.0;25.0;120.0;0.0
12060;24.99;25.0;120.0;0.0
12090;24.98;25.0;120.0;0.0
12120;24.99;25.0;120.0;0.0
12150;25.0;25.0;120.0;0.0
12180;25.0;25.0;120.0;0.0
12210;24.99;25.0;120.0;0.0
12240;25.0;25.0;120.0;0.0
12270;24.99;25.0;120.0;0.0
12300;25.0;25.0;120.0;0.0
12330;25.0;25.0;120.0;0.0
12360;25.0;25.0;120.0;0.0
12390;25.01;25.0;120.0;0.0
12420;25.0;25.0;120.0;0.0
12450;25.01;25.0;120.0;0.0
12480;25.0;25.0;120.0;0.0
12510;24.99;25.0;120.0;0.0
12540;24.99;25.0;120.0;0.0
12570;24.99;25.0;120.0;0.0
12600;25.0;25.0;120.0;0.0
12630;24.99;25.0;120.0;0.0
12660;25.0;25.0;120.0;0.0
12690;25.0;25.0;120.0;0.0
12720;25.0;25.0;120.0;0.0
12750;24.99;25.0;120.0;0.0
12780;24.99;25.0;120.0;0.0
12810;24.99;25.0;120.0;0.0
12840;24.99;25.0;120.0;0.0
12870;24.98;25.0;120.0;0.0
12900;24.94;25.0;120.0;0.0
12930;24.73;25.0;120.0;0.0
12960;24.98;25.0;120.0;0.0
12990;25.07;25.0;120.0;0.0
13020;25.11;25.0;120.0;0.0
13050;25.09;25.0;120.0;0.0
13080;25.03;25.0;120.0;0.0
13110;25.05;25.0;120.0;0.0
13140;25.03;25.0;120.0;0.0
13170;25.01;25.0;120.0;0.0
13200;24.98;25.0;120.0;0.0
13230;24.96;25.0;120.0;0.0
13260;24.98;25.0;120.0;0.0
13290;24.96;25.0;120.0;0.0
13320;24.88;25.0;120.0;0.0
13350;24.74;25.0;120.0;0.0
13380;25.0;25.0;120.0;0.0
13410;25.09;25.0;120.0;0.0
13440;25.1;25.0;120.0;0.0
13470;25.07;25.0;120.0;0.0
13500;25.06;25.0;120.0;0.0
13530;25.03;25.0;120.0;0.0
13560;25.03;25.0;120.0;0.0
13590;25.01;25.0;120.0;0.0
13620;25.0;25.0;120.0;0.0
13650;24.99;25.0;120.0;0.0
13680;24.95;25.0;120.0;0.0
13710;24.67;25.0;120.0;0.0
13740;24.89;25.0;120.0;0.0
13770;25.1;25.0;120.0;0.0
13800;25.14;25.0;120.0;0.0
13830;25.11;25.0;120.0;0.0
13860;25.1;25.0;120.0;0.0
13890;25.06;25.0;120.0;0.0
13920;25.03;25.0;120.0;0.0
13950;25.01;25.0;120.0;0.0
13980;24.99;25.0;120.0;0.0
14010;24.99;25.0;120.0;0.0
14040;24.95;25.0;120.0;0.0
14070;24.7;25.0;120.0;0.0
14100;24.9;25.0;120.0;0.0
14130;25.07;25.0;120.0;0.0
14160;25.1;25.0;120.0;0.0
14190;25.09;25.0;120.0;0.0
14220;25.07;25.0;120.0;0.0
14250;25.06;25.0;120.0;0.0
14280;25.03;25.0;120.0;0.0
14310;25.0;25.0;120.0;0.0
14340;25.0;25.0;120.0;0.0
14370;24.99;25.0;120.0;0.0
14400;24.96;25.0;120.0;0.0
14430;24.94;25.0;120.0;0.0
14460;24.68;25.0;120.0;0.0
14490;24.89;25.0;120.0;0.0
14520;25.09;25.0;120.0;0.0
14550;25.12;25.0;120.0;0.0
14580;25.11;25.0;120.0;0.0
14610;25.07;25.0;120.0;0.0
14640;25.05;25.0;120.0;0.0
14670;25.03;25.0;120.0;0.0
14700;25.0;25.0;120.0;0.0
14730;24.99;25.0;120.0;0.0
14760;24.95;25.0;120.0;0.0
14790;24.72;25.0;120.0;0.0
14820;24.81;25.0;120.0;0.0
14850;25.06;25.0;120.0;0.0
14880;25.11;25.0;120.0;0.0
14910;25.1;25.0;120.0;0.0
14940;25.09;25.0;120.0;0.0
14970;25.07;25.0;120.0;0.0
15000;25.05;25.0;120.0;0.0
15030;25.03;25.0;120.0;0.0
15060;25.0;25.0;120.0;0.0
15090;24.98;25.0;120.0;0.0
15120;24.95;25.0;120.0;0.0
15150;24.85;25.0;120.0;0.0
15180;24.76;25.0;120.0;0.0
15210;24.99;25.0;120.0;0.0
15240;25.1;25.0;120.0;0.0
15270;25.1;25.0;120.0;0.0
15300;25.09;25.0;120.0;0.0
15330;25.06;25.0;120.0;0.0
15360;25.03;25.0;120.0;0.0
15390;25.01;25.0;120.0;0.0
15420;24.99;25.0;120.0;0.0
15450;24.96;25.0;120.0;0.0
15480;24.96;25.0;120.0;0.0
15510;24.81;25.0;120.0;0.0
15540;24.77;25.0;120.0;0.0
15570;25.03;25.0;120.0;0.0
15600;25.1;25.0;120.0;0.0
15630;25.14;25.0;120.0;0.0
15660;25.1;25.0;120.0;0.0
15690;25.07;25.0;120.0;0.0
15720;25.03;25.0;120.0;0.0
15750;25.0;25.0;120.0;0.0
15780;24.99;25.0;120.0;0.0
15810;24.98;25.0;120.0;0.0
15840;24.96;25.0;120.0;0.0
15870;24.87;25.0;120.0;0.0
15900;24.73;25.0;120.0;0.0
15930;24.98;25.0;120.0;0.0
15960;25.11;25.0;120.0;0.0
15990;25.12;25.0;120.0;0.0
16020;25.1;25.0;120.0;0.0
16050;25.03;25.0;120.0;0.0
16080;25.01;25.0;120.0;0.0
16110;25.03;25.0;120.0;0.0
16140;25.03;25.0;120.0;0.0
16170;25.0;25.0;120.0;0.0
16200;25.0;25.0;120.0;0.0
16230;24.98;25.0;120.0;0.0
16260;24.76;25.0;120.0;0.0
16290;24.77;25.0;120.0;0.0
16320;25.03;25.0;120.0;0.0
16350;25.11;25.0;120.0;0.0
16380;25.12;25.0;120.0;0.0
16410;25.1;25.0;120.0;0.0
16440;25.07;25.0;120.0;0.0
16470;25.05;25.0;120.0;0.0
16500;25.03;25.0;120.0;0.0
16530;25.0;25.0;120.0;0.0
16560;24.98;25.0;120.0;0.0
16590;24.95;25.0;120.0;0.0
16620;24.89;25.0;120.0;0.0
16650;24.7;25.0;120.0;0.0
16680;24.92;25.0;120.0;0.0
16710;25.1;25.0;120.0;0.0
16740;25.12;25.0;120.0;0.0
16770;25.1;25.0;120.0;0.0
16800;22.51;15.0;120.0;0.0
16830;18.32;15.0;120.0;0.0
16860;16.4;15.0;120.0;0.0
16890;15.75;15.0;120.0;0.0
16920;15.57;15.0;120.0;0.0
16950;15.33;15.0;120.0;0.0
16980;15.26;15.0;120.0;0.0
17010;15.16;15.0;120.0;0.0
17040;15.1;15.0;120.0;0.0
17070;15.05;15.0;120.0;0.0
17100;15.05;15.0;120.0;0.0
17130;15.05;15.0;120.0;0.0
17160;15.01;15.0;120.0;0.0
17190;15.01;15.0;120.0;0.0
17220;15.0;15.0;120.0;0.0
17250;14.99;15.0;120.0;0.0
17280;14.97;15.0;120.0;0.0
17310;14.96;15.0;120.0;0.0
17340;14.98;15.0;120.0;0.0
17370;14.99;15.0;120.0;0.0
17400;15.0;15.0;120.0;0.0
17430;14.98;15.0;120.0;0.0
17460;15.0;15.0;120.0;0.0
17490;14.99;15.0;120.0;0.0
17520;15.0;15.0;120.0;0.0
17550;14.99;15.0;120.0;0.0
17580;15.0;15.0;120.0;0.0
17610;15.0;15.0;120.0;0.0
17640;15.0;15.0;120.0;0.0
17670;15.0;15.0;120.0;0.0
17700;15.01;15.0;120.0;0.0
17730;15.0;15.0;120.0;0.0
17760;15.0;15.0;120.0;0.0
17790;15.0;15.0;120.0;0.0
17820;15.0;15.0;120.0;0.0
17850;15.0;15.0;120.0;0.0
17880;14.99;15.0;120.0;0.0
17910;14.99;15.0;120.0;0.0
17940;15.0;15.0;120.0;0.0
17970;15.01;15.0;120.0;0.0
18000;15.0;15.0;120.0;0.0
18030;15.01;15.0;120.0;0.0
18060;14.99;15.0;120.0;0.0
18090;15.0;15.0;120.0;0.0
18120;14.99;15.0;120.0;0.0
18150;15.0;15.0;120.0;0.0
18180;15.03;15.0;120.0;0.0
18210;15.01;15.0;120.0;0.0
18240;15.01;15.0;120.0;0.0
18270;14.99;15.0;120.0;0.0
18300;15.0;15.0;120.0;0.0
18330;15.0;15.0;120.0;0.0
18360;15.0;15.0;120.0;0.0
18390;15.01;15.0;120.0;0.0
18420;15.01;15.0;120.0;0.0
18450;15.03;15.0;120.0;0.0
18480;15.03;15.0;120.0;0.0
18510;15.01;15.0;120.0;0.0
18540;15.01;15.0;120.0;0.0
18570;15.01;15.0;120.0;0.0
18600;15.01;15.0;120.0;0.0
18630;15.01;15.0;120.0;0.0
18660;15.0;15.0;120.0;0.0
18690;14.99;15.0;120.0;0.0
18720;14.99;15.0;120.0;0.0
18750;15.0;15.0;120.0;0.0
18780;15.0;15.0;120.0;0.0
18810;15.0;15.0;120.0;0.0
18840;15.0;15.0;120.0;0.0
18870;15.0;15.0;120.0;0.0
18900;15.03;15.0;120.0;0.0
18930;15.03;15.0;120.0;0.0
18960;15.01;15.0;120.0;0.0
18990;14.99;15.0;120.0;0.0
19020;14.99;15.0;120.0;0.0
19050;14.99;15.0;120.0;0.0
19080;15.01;15.0;120.0;0.0
19110;14.99;15.0;120.0;0.0
19140;15.0;15.0;120.0;0.0
19170;15.0;15.0;120.0;0.0
19200;15.0;15.0;120.0;0.0
19230;15.0;15.0;120.0;0.0
19260;14.99;15.0;120.0;0.0
19290;15.0;15.0;120.0;0.0
19320;15.0;15.0;120.0;0.0
19350;15.0;15.0;120.0;0.0
19380;15.0;15.0;120.0;0.0
19410;15.0;15.0;120.0;0.0
19440;15.0;15.0;120.0;0.0
19470;15.01;15.0;120.0;0.0
19500;15.0;15.0;120.0;0.0
19530;14.99;15.0;120.0;0.0
19560;15.01;15.0;120.0;0.0
19590;15.03;15.0;120.0;0.0
19620;15.0;15.0;120.0;0.0
19650;15.0;15.0;120.0;0.0
19680;15.0;15.0;120.0;0.0
19710;15.0;15.0;120.0;0.0
19740;15.0;15.0;120.0;0.0
19770;15.0;15.0;120.0;0.0
19800;15.0;15.0;120.0;0.0
19830;15.0;15.0;120.0;0.0
19860;15.01;15.0;120.0;0.0
19890;15.01;15.0;120.0;0.0
19920;15.01;15.0;120.0;0.0
19950;15.0;15.0;120.0;0.0
19980;14.99;15.0;120.0;0.0
20010;15.01;15.0;120.0;0.0
20040;15.0;15.0;120.0;0.0
20070;15.0;15.0;120.0;0.0
20100;14.99;15.0;120.0;0.0
20130;15.0;15.0;120.0;0.0
20160;14.99;15.0;120.0;0.0
20190;14.99;15.0;120.0;0.0
20220;14.99;15.0;120.0;0.0
20250;14.98;15.0;120.0;0.0
20280;15.0;15.0;120.0;0.0
20310;15.0;15.0;120.0;0.0
20340;15.0;15.0;120.0;0.0
20370;14.99;15.0;120.0;0.0
20400;14.99;15.0;120.0;0.0
20430;15.0;15.0;120.0;0.0
20460;14.99;15.0;120.0;0.0
20490;15.0;15.0;120.0;0.0
20520;15.0;15.0;120.0;0.0
20550;15.0;15.0;120.0;0.0
20580;15.0;15.0;120.0;0.0
20610;15.01;15.0;120.0;0.0
20640;15.0;15.0;120.0;0.0
20670;15.0;15.0;120.0;0.0
20700;15.01;15.0;120.0;0.0
20730;15.03;15.0;120.0;0.0
20760;15.03;15.0;120.0;0.0
20790;15.0;15.0;120.0;0.0
20820;14.99;15.0;120.0;0.0
20850;15.01;15.0;120.0;0.0
20880;15.0;15.0;120.0;0.0
20910;15.0;15.0;120.0;0.0
20940;15.0;15.0;120.0;0.0
20970;15.0;15.0;120.0;0.0
21000;15.0;15.0;120.0;0.0
21030;15.01;15.0;120.0;0.0
21060;15.0;15.0;120.0;0.0
21090;14.99;15.0;120.0;0.0
21120;15.0;15.0;120.0;0.0
21150;15.01;15.0;120.0;0.0
21180;15.01;15.0;120.0;0.0
21210;15.0;15.0;120.0;0.0
21240;15.0;15.0;120.0;0.0
21270;15.01;15.0;120.0;0.0
21300;15.01;15.0;120.0;0.0
21330;15.01;15.0;120.0;0.0
21360;15.0;15.0;120.0;0.0
21390;15.0;15.0;120.0;0.0
21420;15.0;15.0;120.0;0.0
21450;15.0;15.0;120.0;0.0
21480;14.99;15.0;120.0;0.0
21510;15.0;15.0;120.0;0.0
21540;15.01;15.0;120.0;0.0
21570;15.0;15.0;120.0;0.0
21600;14.99;15.0;120.0;0.0
21630;15.0;15.0;120.0;0.0
21660;15.0;15.0;120.0;0.0
21690;15.01;15.0;120.0;0.0
21720;15.0;15.0;120.0;0.0
21750;15.01;15.0;120.0;0.0
21780;15.0;15.0;120.0;0.0
21810;15.0;15.0;120.0;0.0
21840;15.0;15.0;120.0;0.0
21870;15.01;15.0;120.0;0.0
21900;15.0;15.0;120.0;0.0
21930;14.98;15.0;120.0;0.0
21960;14.99;15.0;120.0;0.0
21990;14.99;15.0;120.0;0.0
22020;15.01;15.0;120.0;0.0
22050;15.0;15.0;120.0;0.0
22080;14.99;15.0;120.0;0.0
22110;15.0;15.0;120.0;0.0
22140;15.0;15.0;120.0;0.0
22170;15.0;15.0;120.0;0.0
22200;15.0;15.0;120.0;0.0
22230;15.01;15.0;120.0;0.0
22260;15.0;15.0;120.0;0.0
22290;15.01;15.0;120.0;0.0
22320;15.01;15.0;120.0;0.0
22350;12.89;5.0;120.0;0.0
22380;8.5;5.0;120.0;0.0
22410;6.69;5.0;120.0;0.0
22440;5.87;5.0;120.0;0.0
22470;5.56;5.0;120.0;0.0
22500;5.41;5.0;120.0;0.0
22530;5.23;5.0;120.0;0.0
22560;5.15;5.0;120.0;0.0
22590;5.08;5.0;120.0;0.0
22620;5.05;5.0;120.0;0.0
22650;5.04;5.0;120.0;0.0
22680;5.01;5.0;120.0;0.0
22710;5.01;5.0;120.0;0.0
22740;5.01;5.0;120.0;0.0
22770;5.0;5.0;120.0;0.0
22800;4.99;5.0;120.0;0.0
22830;4.97;5.0;120.0;0.0
22860;4.97;5.0;120.0;0.0
22890;4.99;5.0;120.0;0.0
22920;4.97;5.0;120.0;0.0
22950;4.97;5.0;120.0;0.0
22980;4.97;5.0;120.0;0.0
23010;4.97;5.0;120.0;0.0
23040;4.99;5.0;120.0;0.0
23070;5.01;5.0;120.0;0.0
23100;5.01;5.0;120.0;0.0
23130;5.01;5.0;120.0;0.0
23160;5.0;5.0;120.0;0.0
23190;4.99;5.0;120.0;0.0
23220;4.99;5.0;120.0;0.0
23250;5.0;5.0;120.0;0.0
23280;5.0;5.0;120.0;0.0
23310;4.97;5.0;120.0;0.0
23340;4.97;5.0;120.0;0.0
23370;4.97;5.0;120.0;0.0
23400;4.99;5.0;120.0;0.0
23430;5.0;5.0;120.0;0.0
23460;5.0;5.0;120.0;0.0
23490;5.01;5.0;120.0;0.0
23520;5.01;5.0;120.0;0.0
23550;5.01;5.0;120.0;0.0
23580;5.0;5.0;120.0;0.0
23610;4.99;5.0;120.0;0.0
23640;5.01;5.0;120.0;0.0
23670;5.0;5.0;120.0;0.0
23700;5.0;5.0;120.0;0.0
23730;4.97;5.0;120.0;0.0
23760;4.99;5.0;120.0;0.0
23790;5.01;5.0;120.0;0.0
23820;5.02;5.0;120.0;0.0
23850;5.02;5.0;120.0;0.0
23880;5.02;5.0;120.0;0.0
23910;4.99;5.0;120.0;0.0
23940;5.01;5.0;120.0;0.0
23970;5.01;5.0;120.0;0.0
24000;5.0;5.0;120.0;0.0
24030;4.99;5.0;120.0;0.0
24060;4.99;5.0;120.0;0.0
24090;5.0;5.0;120.0;0.0
24120;4.99;5.0;120.0;0.0
24150;5.0;5.0;120.0;0.0
24180;5.0;5.0;120.0;0.0
24210;5.0;5.0;120.0;0.0
24240;5.0;5.0;120.0;0.0
24270;4.99;5.0;120.0;0.0
24300;5.0;5.0;120.0;0.0
24330;4.99;5.0;120.0;0.0
24360;5.01;5.0;120.0;0.0
24390;5.02;5.0;120.0;0.0
24420;5.04;5.0;120.0;0.0
24450;5.01;5.0;120.0;0.0
24480;5.0;5.0;120.0;0.0
24510;5.02;5.0;120.0;0.0
24540;5.0;5.0;120.0;0.0
24570;5.02;5.0;120.0;0.0
24600;5.0;5.0;120.0;0.0
24630;4.97;5.0;120.0;0.0
24660;5.0;5.0;120.0;0.0
24690;5.0;5.0;120.0;0.0
24720;4.99;5.0;120.0;0.0
24750;4.99;5.0;120.0;0.0
24780;5.0;5.0;120.0;0.0
24810;5.0;5.0;120.0;0.0
24840;4.99;5.0;120.0;0.0
24870;5.0;5.0;120.0;0.0
24900;4.99;5.0;120.0;0.0
24930;5.0;5.0;120.0;0.0
24960;5.0;5.0;120.0;0.0
24990;5.0;5.0;120.0;0.0
25020;4.97;5.0;120.0;0.0
25050;4.99;5.0;120.0;0.0
25080;5.0;5.0;120.0;0.0
25110;5.01;5.0;120.0;0.0
25140;5.02;5.0;120.0;0.0
25170;5.02;5.0;120.0;0.0
25200;5.02;5.0;120.0;0.0
25230;5.02;5.0;120.0;0.0
25260;5.02;5.0;120.0;0.0
25290;5.0;5.0;120.0;0.0
25320;4.99;5.0;120.0;0.0
25350;5.0;5.0;120.0;0.0
25380;5.01;5.0;120.0;0.0
25410;5.01;5.0;120.0;0.0
25440;5.01;5.0;120.0;0.0
25470;5.0;5.0;120.0;0.0
25500;5.0;5.0;120.0;0.0
25530;4.97;5.0;120.0;0.0
25560;4.99;5.0;120.0;0.0
25590;5.0;5.0;120.0;0.0
25620;4.99;5.0;120.0;0.0
25650;5.0;5.0;120.0;0.0
25680;5.0;5.0;120.0;0.0
25710;5.0;5.0;120.0;0.0
25740;5.0;5.0;120.0;0.0
25770;5.01;5.0;120.0;0.0
25800;5.02;5.0;120.0;0.0
25830;5.0;5.0;120.0;0.0
25860;5.0;5.0;120.0;0.0
25890;5.01;5.0;120.0;0.0
25920;5.0;5.0;120.0;0.0
25950;5.0;5.0;120.0;0.0
25980;5.0;5.0;120.0;0.0
26010;4.99;5.0;120.0;0.0
26040;5.01;5.0;120.0;0.0
26070;5.01;5.0;120.0;0.0
26100;5.0;5.0;120.0;0.0
26130;5.01;5.0;120.0;0.0
26160;4.99;5.0;120.0;0.0
26190;4.99;5.0;120.0;0.0
26220;4.99;5.0;120.0;0.0
26250;4.99;5.0;120.0;0.0
26280;4.99;5.0;120.0;0.0
26310;4.99;5.0;120.0;0.0
26340;4.97;5.0;120.0;0.0
26370;5.01;5.0;120.0;0.0
26400;5.0;5.0;120.0;0.0
26430;5.0;5.0;120.0;0.0
26460;5.01;5.0;120.0;0.0
26490;5.01;5.0;120.0;0.0
26520;5.01;5.0;120.0;0.0
26550;5.01;5.0;120.0;0.0
26580;5.01;5.0;120.0;0.0
26610;5.0;5.0;120.0;0.0
26640;5.01;5.0;120.0;0.0
26670;5.01;5.0;120.0;0.0
26700;5.0;5.0;120.0;0.0
26730;5.0;5.0;120.0;0.0
26760;5.01;5.0;120.0;0.0
26790;5.0;5.0;120.0;0.0
26820;5.01;5.0;120.0;0.0
26850;5.0;5.0;120.0;0.0
26880;5.0;5.0;120.0;0.0
26910;4.99;5.0;120.0;0.0
26940;5.0;5.0;120.0;0.0
26970;5.0;5.0;120.0;0.0
27000;4.99;5.0;120.0;0.0
27030;5.0;5.0;120.0;0.0
27060;5.0;5.0;120.0;0.0
27090;5.0;5.0;120.0;0.0
27120;4.99;5.0;120.0;0.0
27150;4.97;5.0;120.0;0.0
27180;5.0;5.0;120.0;0.0
27210;5.0;5.0;120.0;0.0
27240;5.02;5.0;120.0;0.0
27270;5.01;5.0;120.0;0.0
27300;5.01;5.0;120.0;0.0
27330;5.02;5.0;120.0;0.0
27360;5.01;5.0;120.0;0.0
27390;5.0;5.0;120.0;0.0
27420;5.0;5.0;120.0;0.0
27450;5.01;5.0;120.0;0.0
27480;5.0;5.0;120.0;0.0
27510;5.0;5.0;120.0;0.0
27540;5.0;5.0;120.0;0.0
27570;4.99;5.0;120.0;0.0
27600;5.0;5.0;120.0;0.0
27630;4.99;5.0;120.0;0.0
27660;5.0;5.0;120.0;0.0
27690;4.99;5.0;120.0;0.0
27720;5.0;5.0;120.0;0.0
27750;4.99;5.0;120.0;0.0
27780;5.02;5.0;120.0;0.0
27810;5.02;5.0;120.0;0.0
27840;5.0;5.0;120.0;0.0
27870;5.01;5.0;120.0;0.0
